state_rank,Unit_Id,Institution_name,foreign_2018,total_2018,foreign_2019,total_2019,foreign_2020,total_2020,intl_ratio_2018,intl_ratio_2019,intl_ratio_2020,ADDR,CITY,STABBR,ZIP,LONGITUD,LATITUDE,COSTT4_A,COSTT4_P,total_cost
41,102632,University of Alaska Southeast,1,219,1,172,1,155,0.0045662100456621,0.0058139534883720929,0.0064516129032258064,11066 Auke Lake Way,Juneau,AK,99801-8697,-134.638255,58.384846,16310,0,65240
41,102614,University of Alaska Fairbanks,12,746,11,686,9,668,0.0160857908847185,0.016034985422740525,0.013473053892215569,1731 South Chandalar Drive,Fairbanks,AK,99775,-147.823146,64.85756,19135,0,76540
41,102553,University of Alaska Anchorage,29,1607,23,1356,12,1057,0.018046048537647789,0.01696165191740413,0.011352885525070956,3211 Providence Drive,Anchorage,AK,99508,-149.82619,61.190163,18946,0,75784
26,106412,University of Arkansas at Pine Bluff,7,568,8,488,5,685,0.01232394366197183,0.016393442622950821,0.0072992700729927005,1200 N University Mail Slot 4789,Pine Bluff,AR,71601,-92.018683,34.244031,19541,0,78164
26,108092,University of Arkansas-Fort Smith,6,1072,7,934,7,883,0.005597014925373134,0.0074946466809421844,0.0079275198187995465,5210 Grand Ave,Fort Smith,AR,72913-3649,-94.373729,35.384184,17288,0,69152
26,107512,Ouachita Baptist University,5,443,9,441,7,389,0.011286681715575621,0.020408163265306121,0.017994858611825194,410 Ouachita St,Arkadelphia,AR,71998-0001,-93.052471,34.126093,40200,0,160800
26,107071,Henderson State University,7,849,6,791,8,563,0.0082449941107184919,0.0075853350189633373,0.014209591474245116,1100 Henderson Street,Arkadelphia,AR,71999-0001,-93.059703,34.128155,23005,0,92020
26,106467,Arkansas Tech University,31,1722,35,2091,16,1756,0.018002322880371662,0.016738402678144429,0.0091116173120728925,"Administration Bldg 200, 1509 N Boulder Ave",Russellville,AR,72801-2222,-93.13562,35.293237,19361,0,77444
26,107141,John Brown University,29,319,32,319,25,315,0.090909090909090912,0.10031347962382445,0.079365079365079361,2000 W University St,Siloam Springs,AR,72761,-94.560283,36.189812,40774,0,163096
26,106704,University of Central Arkansas,49,2033,40,1840,30,1715,0.024102311854402363,0.021739130434782608,0.017492711370262391,201 Donaghey Ave,Conway,AR,72035-0001,-92.457672,35.077945,23185,0,92740
26,106397,University of Arkansas,45,5008,52,4605,31,4728,0.0089856230031948887,0.011292073832790446,0.00655668358714044,Administration Bldg 425,Fayetteville,AR,72701,-94.176981,36.070009,23997,0,95988
1,110592,California State University-Los Angeles,28,3862,27,3287,24,4000,0.0072501294665976174,0.008214177061149984,0.006,5151 State University Dr,Los Angeles,CA,90032-8506,-118.168965,34.066927,15307,0,61228
1,122436,University of San Diego,53,1310,37,1142,27,997,0.040458015267175573,0.032399299474605951,0.027081243731193579,5998 Alcala Park,San Diego,CA,92110-2492,-117.192073,32.770816,70440,0,281760
1,120254,Occidental College,39,566,42,562,24,402,0.068904593639575976,0.074733096085409248,0.059701492537313432,1600 Campus Rd,Los Angeles,CA,90041-3392,-118.210908,34.127124,76600,0,306400
1,110662,University of California-Los Angeles,707,6240,562,5919,599,6386,0.11330128205128205,0.094948471025511072,0.093798935170685882,405 Hilgard Ave,Los Angeles,CA,90095-1405,-118.442179,34.07178,35497,0,141988
1,110565,California State University-Fullerton,113,4408,54,4778,27,5425,0.025635208711433755,0.011301799916282964,0.0049769585253456221,800 N State College Blvd,Fullerton,CA,92831-3599,-117.885446,33.881506,17791,0,71164
1,122931,Santa Clara University,110,1392,54,1391,84,1259,0.079022988505747127,0.038820992092020126,0.066719618745035736,500 El Camino Real,Santa Clara,CA,95053,-121.93784,37.348362,74297,0,297188
1,121619,Santa Ana College,76,4429,62,3741,46,2144,0.017159629713253556,0.016573108794439989,0.021455223880597014,1530 W. 17th Street,Santa Ana,CA,92706-3398,-117.887558,33.759309,12076,0,48304
1,112260,Claremont McKenna College,57,325,62,328,47,315,0.17538461538461539,0.18902439024390244,0.1492063492063492,500 E 9th St,Claremont,CA,91711-6400,-117.711188,34.102154,76475,0,305900
1,122977,Santa Monica College,807,5382,830,5466,413,4790,0.14994425863991082,0.15184778631540433,0.08622129436325679,1900 Pico Blvd,Santa Monica,CA,90405-1628,-118.469765,34.017022,11347,0,45388
1,120403,Otis College of Art and Design,59,277,63,274,43,225,0.21299638989169675,0.22992700729927007,0.19111111111111112,9045 Lincoln Blvd,Los Angeles,CA,90045-3505,-118.416615,33.956607,66695,0,266780
1,121150,Pepperdine University,97,803,66,726,50,733,0.12079701120797011,0.090909090909090912,0.068212824010914053,24255 Pacific Coast Hwy,Malibu,CA,90263,-118.707077,34.037786,75312,0,301248
1,122755,San Jose State University,109,3774,75,3964,58,3328,0.028881822999470057,0.018920282542885972,0.017427884615384616,One Washington Square,San Jose,CA,95192-0001,-121.880621,37.336569,25747,0,102988
1,110644,University of California-Davis,1290,6393,848,5957,1101,6144,0.20178320037541062,0.14235353365788148,0.17919921875,One Shields Avenue,Davis,CA,95616-8678,-121.749567,38.539667,35532,0,142128
1,111948,Chapman University,80,1660,82,1768,62,1586,0.048192771084337352,0.046380090497737558,0.039092055485498108,One University Dr.,Orange,CA,92866,-117.852518,33.79302,74336,0,297344
1,122597,San Francisco State University,106,4287,85,3694,48,2779,0.024725915558665733,0.023010286951813751,0.017272400143936668,1600 Holloway Ave,San Francisco,CA,94132,-122.476799,37.721224,24513,0,98052
1,110583,California State University-Long Beach,86,4912,102,5161,63,4908,0.017508143322475571,0.019763611703158303,0.012836185819070905,1250 Bellflower Blvd,Long Beach,CA,90840-0115,-118.11204,33.782818,19846,0,79384
1,110635,University of California-Berkeley,847,6012,872,6454,779,6117,0.14088489687292083,0.13511000929656028,0.12735000817394149,200 California Hall,Berkeley,CA,94720,-122.260463,37.871918,39016,0,156064
1,125471,West Los Angeles College,118,1344,105,1481,80,1147,0.087797619047619041,0.070898041863605668,0.069747166521360066,9000 Overland Avenue,Culver City,CA,90230-3519,-118.386664,34.004512,15783,0,63132
1,110671,University of California-Riverside,106,4535,121,4769,89,4852,0.023373759647188533,0.02537219542881107,0.018342951360263808,900 University Ave,Riverside,CA,92521,-117.32741,33.97246,30561,0,122244
1,110705,University of California-Santa Barbara,707,5094,891,4935,424,4847,0.13879073419709462,0.18054711246200608,0.0874767897668661,5221 Cheadle Hall,Santa Barbara,CA,93106,-119.846426,34.416297,36492,0,145968
1,122409,San Diego State University,233,5750,134,5275,127,4852,0.040521739130434782,0.025402843601895736,0.026174773289365211,5500 Campanile Dr,San Diego,CA,92182-0001,-117.071228,32.77525,23367,0,93468
1,108232,Academy of Art University,129,570,138,803,65,794,0.22631578947368422,0.17185554171855541,0.0818639798488665,79 New Montgomery,San Francisco,CA,94105,-122.400578,37.787943,43976,0,175904
1,490133,Westcliff University,93,105,149,215,51,131,0.88571428571428568,0.69302325581395352,0.38931297709923662,"17877 Von Karman Ave, Suite 400",Irvine,CA,92614,-117.847973,33.685537,22466,0,89864
1,110714,University of California-Santa Cruz,572,3695,416,3713,146,4194,0.15480378890392421,0.1120387826555346,0.034811635670004767,1156 High St,Santa Cruz,CA,95064-1011,-122.058801,36.995584,35925,0,143700
1,117946,Loyola Marymount University,143,1512,178,1467,112,1468,0.094576719576719578,0.12133605998636673,0.076294277929155316,One Lmu Drive,Los Angeles,CA,90045-2659,-118.415744,33.97085,70235,0,280940
1,122612,University of San Francisco,195,1542,201,1293,140,1142,0.12645914396887159,0.1554524361948956,0.12259194395796848,2130 Fulton St,San Francisco,CA,94117-1080,-122.450477,37.776618,69987,0,279948
1,110653,University of California-Irvine,1176,5793,1238,6069,1070,5765,0.2030036250647333,0.20398747734387873,0.18560277536860365,501 Aldrich Hall,Irvine,CA,92697,-117.841248,33.648434,34355,0,137420
1,110680,University of California-San Diego,1034,6707,997,6023,1125,6447,0.15416728790815565,0.16553212684708618,0.17449976733364356,9500 Gilman Dr,La Jolla,CA,92093,-117.235866,32.877749,33240,0,132960
1,114716,Foothill College,290,2120,233,1812,147,1496,0.13679245283018868,0.12858719646799116,0.0982620320855615,12345 El Monte Rd,Los Altos Hills,CA,94022,-122.127964,37.361655,13752,0,55008
1,123961,University of Southern California,522,3401,504,3165,430,3459,0.15348426933254924,0.15924170616113745,0.12431338537149465,University Park,Los Angeles,CA,90089,-118.284169,34.021281,77362,0,309448
1,123572,Sonoma State University,3,1793,1,1551,1,913,0.0016731734523145567,0.00064474532559638943,0.0010952902519167579,1801 E Cotati Ave,Rohnert Park,CA,94928-3609,-122.677066,38.340274,26537,0,106148
1,118976,Modesto Junior College,5,3167,6,3634,1,2901,0.0015787811809283233,0.0016510731975784259,0.00034470872113064461,435 College Ave,Modesto,CA,95350-5800,-121.009792,37.651056,18505,0,74020
1,121691,University of Redlands,19,725,10,722,1,523,0.026206896551724139,0.013850415512465374,0.0019120458891013384,1200 E. Colton Ave,Redlands,CA,92373-0999,-117.163218,34.064218,68156,0,272624
1,441937,California State University-Channel Islands,5,970,1,887,2,632,0.0051546391752577319,0.0011273957158962795,0.0031645569620253164,One University Dr,Camarillo,CA,93012,-119.04356,34.162949,25150,0,100600
1,114433,Feather River Community College District,11,339,2,302,2,262,0.032448377581120944,0.0066225165562913907,0.0076335877862595417,570 Golden Eagle Ave,Quincy,CA,95971-9124,-120.973067,39.953101,17336,0,69344
1,445188,University of California-Merced,2,2214,4,2105,2,1951,0.00090334236675700087,0.0019002375296912114,0.0010251153254741158,5200 North Lake Road,Merced,CA,95343-5603,-120.424944,37.366237,35005,0,140020
1,409698,California State University-Monterey Bay,9,1000,10,1046,3,879,0.009,0.0095602294455066923,0.0034129692832764505,100 Campus Center,Seaside,CA,93955-8001,-121.796178,36.652397,23389,0,93556
1,110495,California State University-Stanislaus,2,1570,1,1568,4,1238,0.0012738853503184713,0.00063775510204081628,0.0032310177705977385,One University Circle,Turlock,CA,95382-0299,-120.852511,37.52577,17424,0,69696
1,125727,Westmont College,4,344,6,406,4,307,0.011627906976744186,0.014778325123152709,0.013029315960912053,955 La Paz Rd,Santa Barbara,CA,93108-1089,-119.662517,34.450151,64240,0,256960
1,121309,Point Loma Nazarene University,1,657,11,612,4,554,0.0015220700152207,0.017973856209150325,0.0072202166064981952,3900 Lomaland Dr,San Diego,CA,92106-2899,-117.250265,32.718391,53045,0,212180
1,121886,Rio Hondo College,15,3099,14,3053,4,2190,0.00484027105517909,0.0045856534556174252,0.0018264840182648401,3600 Workman Mill Rd,Whittier,CA,90601-1616,-118.033506,34.019821,12245,0,48980
1,115755,Humboldt State University,2,1051,3,823,5,546,0.0019029495718363464,0.0036452004860267314,0.0091575091575091579,1 Harpst Street,Arcata,CA,95521-8299,-124.078293,40.877481,24991,0,99964
1,110486,California State University-Bakersfield,29,1494,12,1561,5,1416,0.019410977242302542,0.0076873798846893021,0.0035310734463276836,9001 Stockdale Hwy,Bakersfield,CA,93311-1099,-119.104711,35.350005,18661,0,74644
1,125897,Woodbury University,7,180,5,203,6,140,0.03888888888888889,0.024630541871921183,0.042857142857142858,7500 Glenoaks Blvd,Burbank,CA,91504-1052,-118.341147,34.208011,55032,0,220128
1,110547,California State University-Dominguez Hills,6,2047,9,2533,6,2254,0.0029311187103077674,0.0035530990919857876,0.0026619343389529724,1000 E Victoria St,Carson,CA,90747-0005,-118.255917,33.864766,15019,0,60076
1,112075,Concordia University-Irvine,16,319,21,342,7,311,0.050156739811912224,0.061403508771929821,0.022508038585209004,1530 Concordia West,Irvine,CA,92612-3203,-117.812305,33.653665,53235,0,212940
1,125763,Whittier College,12,512,6,493,8,239,0.0234375,0.012170385395537525,0.033472803347280332,13406 E Philadelphia Street,Whittier,CA,90601,-118.032299,33.978773,61052,0,244208
1,366711,California State University-San Marcos,26,2474,15,2245,8,2255,0.010509296685529508,0.0066815144766146995,0.0035476718403547672,333 S Twin Oaks Valley Rd,San Marcos,CA,92096-0001,-117.159013,33.130569,22531,0,90124
1,110538,California State University-Chico,17,2725,19,2561,10,2316,0.0062385321100917428,0.00741897696212417,0.0043177892918825561,First and Normal Sts,Chico,CA,95929-0150,-121.844859,39.729712,25073,0,100292
1,109350,Antelope Valley College,16,2194,11,2570,11,1847,0.0072926162260711028,0.0042801556420233467,0.0059556036816459119,3041 West  Ave K,Lancaster,CA,93536-5426,-118.186166,34.676207,16422,0,65688
1,123554,Saint Mary's College of California,13,627,11,517,11,468,0.020733652312599681,0.021276595744680851,0.023504273504273504,1928 Saint Marys Road,Moraga,CA,94575,-122.109031,37.840731,69071,0,276284
1,110510,California State University-San Bernardino,15,2682,13,2885,11,2286,0.0055928411633109623,0.004506065857885615,0.0048118985126859139,5500 University Parkway,San Bernardino,CA,92407-2393,-117.323801,34.182622,19114,0,76456
1,110413,California Lutheran University,17,681,16,647,11,516,0.024963289280469897,0.02472952086553323,0.021317829457364341,60 W Olsen Rd,Thousand Oaks,CA,91360-2787,-118.878924,34.224566,60668,0,242672
1,110574,California State University-East Bay,20,1459,26,1438,14,1088,0.013708019191226868,0.018080667593880391,0.012867647058823529,25800 Carlos Bee Blvd,Hayward,CA,94542,-122.054135,37.657694,23357,0,93428
1,110404,California Institute of Technology,19,231,10,235,20,225,0.082251082251082255,0.0425531914893617,0.088888888888888892,1200 E California Blvd,Pasadena,CA,91125,-118.125878,34.137349,74763,0,299052
1,123563,Solano Community College,22,1308,25,1409,20,1285,0.016819571865443424,0.017743080198722498,0.01556420233463035,4000 Suisun Valley Rd,Fairfield,CA,94534-3197,-122.122368,38.235881,13091,0,52364
1,110361,California Baptist University,36,1603,29,1523,26,1360,0.022457891453524642,0.019041365725541694,0.019117647058823531,8432 Magnolia Ave,Riverside,CA,92504-3297,-117.425619,33.929321,48731,0,194924
1,110617,California State University-Sacramento,45,3757,47,4160,26,3761,0.011977641735427202,0.011298076923076923,0.0069130550385535765,6000 J St,Sacramento,CA,95819-2694,-121.423549,38.559415,21576,0,86304
1,122375,San Diego Mesa College,76,2828,84,2622,26,2358,0.026874115983026876,0.032036613272311214,0.01102629346904156,7250 Mesa College Dr,San Diego,CA,92111-4998,-117.169165,32.803825,13223,0,52892
1,114354,FIDM-Fashion Institute of Design & Merchandising-Los Angeles,60,436,53,426,30,341,0.13761467889908258,0.12441314553990611,0.08797653958944282,919 S Grand Ave,Los Angeles,CA,90015-1421,-118.25993,34.044209,51281,0,205124
1,110556,California State University-Fresno,43,3574,38,3334,37,3693,0.012031337437045327,0.011397720455908818,0.010018954779312212,5241 N Maple Ave,Fresno,CA,93740,-119.744569,36.811154,17683,0,70732
1,110529,California State Polytechnic University-Pomona,40,3863,45,3694,38,4323,0.010354646647683147,0.012181916621548458,0.0087901919962988673,3801 W Temple Avenue,Pomona,CA,91768,-117.821476,34.057912,22365,0,89460
1,118912,MiraCosta College,78,2162,59,2065,41,2040,0.036077705827937095,0.028571428571428571,0.020098039215686276,One Barnard Drive,Oceanside,CA,92056-3899,-117.302606,33.190483,11676,0,46704
1,110608,California State University-Northridge,72,4804,72,4792,41,4016,0.01498751040799334,0.015025041736227046,0.010209163346613545,18111 Nordhoff St,Northridge,CA,91330,-118.529319,34.240126,19794,0,79176
1,110422,California Polytechnic State University-San Luis Obispo,61,4398,61,4613,54,4788,0.013869940882219191,0.01322349880771732,0.011278195488721804,1 Grand Ave.,San Luis Obispo,CA,93407,-120.657311,35.299513,28927,0,115708
13,129525,University of Hartford,33,1220,67,1234,40,1141,0.027049180327868853,0.054294975688816853,0.035056967572304996,200 Bloomfield Ave,West Hartford,CT,06117-1599,-72.715213,41.798591,57475,0,229900
13,130590,Trinity College,89,579,74,580,73,572,0.153713298791019,0.12758620689655173,0.12762237762237763,300 Summit St,Hartford,CT,06106-3100,-72.690882,41.747451,76850,0,307400
13,129020,University of Connecticut,381,3749,371,3603,333,3825,0.10162710056014937,0.10296974743269498,0.087058823529411758,352 Mansfield Road,Storrs,CT,6269,-72.249948,41.809098,33896,0,135584
13,130794,Yale University,196,1573,185,1550,141,1264,0.12460267005721551,0.11935483870967742,0.1115506329113924,Woodbridge Hall,New Haven,CT,6520,-72.926688,41.311158,76645,0,306580
13,129215,Eastern Connecticut State University,7,973,2,874,2,841,0.0071942446043165471,0.0022883295194508009,0.0023781212841854932,83 Windham St,Willimantic,CT,6226,-72.218753,41.721673,27425,0,109700
13,130493,Southern Connecticut State University,2,1527,2,1523,4,1081,0.0013097576948264572,0.0013131976362442547,0.0037002775208140612,501 Crescent Street,New Haven,CT,06515-1355,-72.947897,41.333225,25413,0,101652
13,128744,University of Bridgeport,31,523,17,368,4,310,0.059273422562141492,0.04619565217391304,0.012903225806451613,126 Park Avenue,Bridgeport,CT,06604-5620,-73.190166,41.164741,53853,0,215412
13,129941,University of New Haven,17,1338,20,1285,8,1371,0.012705530642750373,0.01556420233463035,0.0058351568198395333,300 Boston Post Road,West Haven,CT,06516-1916,-72.961472,41.291314,58438,0,233752
13,129242,Fairfield University,52,1091,42,1176,9,1118,0.047662694775435381,0.035714285714285712,0.0080500894454382833,1073 N Benson Rd,Fairfield,CT,06824-5195,-73.255903,41.157673,67080,0,268320
13,436836,University of Connecticut-Stamford,19,661,15,674,14,781,0.028744326777609682,0.022255192878338281,0.017925736235595392,One University Place,Stamford,CT,06901-2315,-73.542206,41.056081,25497,0,101988
13,128771,Central Connecticut State University,22,1464,14,1377,15,1198,0.015027322404371584,0.010167029774872912,0.012520868113522538,1615 Stanley St,New Britain,CT,6050,-72.765991,41.692502,22518,0,90072
13,130253,Sacred Heart University,12,1465,22,1601,23,1650,0.0081911262798634813,0.013741411617738912,0.013939393939393939,5151 Park Ave,Fairfield,CT,06825-1000,-73.243332,41.220893,61591,0,246364
13,128902,Connecticut College,42,508,66,508,23,434,0.082677165354330714,0.12992125984251968,0.052995391705069124,270 Mohegan Avenue,New London,CT,06320-4196,-72.107321,41.379833,74590,0,298360
13,130226,Quinnipiac University,37,1899,46,1552,38,1757,0.019483938915218536,0.029639175257731958,0.021627774615822423,Mt Carmel Ave,Hamden,CT,6518,-72.894117,41.418915,66237,0,264948
13,130697,Wesleyan University,112,803,134,771,68,720,0.13947696139476962,0.17380025940337224,0.094444444444444442,45 Wyllys Avenue,Middletown,CT,6459,-72.657146,41.554665,75693,0,302772
18,131520,Howard University,24,1501,66,1925,101,2360,0.015989340439706862,0.034285714285714287,0.042796610169491524,2400 Sixth St NW,Washington,DC,20059,-77.018966,38.922392,45971,0,183884
18,131469,George Washington University,308,2845,376,2619,162,1978,0.10826010544815466,0.14356624665903017,0.081900910010111225,"1918 F Street, NW",Washington,DC,20052,-77.048363,38.89923,74023,0,296092
18,131496,Georgetown University,153,1621,136,1582,138,1584,0.09438618136952498,0.085967130214917822,0.087121212121212127,37th and O St NW,Washington,DC,20057-0001,-77.073463,38.908809,76280,0,305120
18,131399,University of the District of Columbia,32,617,34,651,2,391,0.051863857374392218,0.052227342549923193,0.0051150895140664966,4200 Connecticut Ave NW,Washington,DC,20008,-77.066247,38.943819,22638,0,90552
18,131450,Gallaudet University,5,201,4,183,7,152,0.024875621890547265,0.02185792349726776,0.046052631578947366,"800 Florida Ave, NE",Washington,DC,20002-3695,-76.993675,38.907371,38892,0,155568
37,130934,Delaware State University,35,1047,41,1142,25,1001,0.033428844317096466,0.035901926444833622,0.024975024975024976,1200 N. Dupont Highway,Dover,DE,19901,-75.54053,39.187173,23888,0,95552
5,135726,University of Miami,333,2367,266,2204,171,2359,0.14068441064638784,0.1206896551724138,0.072488342518016113,University of Miami,Coral Gables,FL,33146,-80.278662,25.72126,69563,0,278252
5,134097,Florida State University,51,6324,27,7106,51,6006,0.0080645161290322578,0.0037996059667886294,0.0084915084915084919,222 S. Copeland Street,Tallahassee,FL,32306-1037,-84.291921,30.440756,22278,0,89112
5,133669,Florida Atlantic University,31,3163,37,3283,80,4252,0.0098008220044261771,0.011270179713676515,0.01881467544684854,"777 Glades Rd, Administration Bldg., Room 339",Boca Raton,FL,33431-0991,-80.102978,26.372421,21761,0,87044
5,134945,Jacksonville University,39,624,38,657,36,686,0.0625,0.0578386605783866,0.052478134110787174,2800 University Blvd N,Jacksonville,FL,32211-3394,-81.60458,30.353227,54991,0,219964
5,133881,Florida Institute of Technology,76,784,77,668,108,689,0.096938775510204078,0.11526946107784432,0.15674891146589259,150 West University Boulevard,Melbourne,FL,32901-6975,-80.622893,28.065815,59433,0,237732
5,137847,The University of Tampa,123,2164,113,2184,57,2069,0.056839186691312382,0.051739926739926737,0.027549540840985983,401 W Kennedy Blvd,Tampa,FL,33606-1490,-82.46483,27.948455,46341,0,185364
5,137032,Saint Leo University,55,561,116,782,66,729,0.098039215686274508,0.14833759590792839,0.090534979423868317,33701 State Road 52,Saint Leo,FL,33574-6665,-82.257801,28.336776,38890,0,155560
5,137096,Santa Fe College,138,2722,126,3066,34,2251,0.050698016164584865,0.0410958904109589,0.015104398045313194,3000 Northwest 83rd Street,Gainesville,FL,32606-6210,-82.433143,29.681037,13888,0,55552
5,134130,University of Florida,443,6792,412,6526,279,6333,0.065223792697290936,0.063132087036469511,0.044054950260540029,Tigert Hall,Gainesville,FL,32611,-82.347911,29.64629,21151,0,84604
5,138187,Valencia College,222,8883,232,9066,127,7180,0.024991556906450524,0.02559011692036179,0.017688022284122563,1768 Park Center Drive,Orlando,FL,32835,-81.471466,28.520898,10735,0,42940
5,137351,University of South Florida-Main Campus,216,4435,249,5139,275,5734,0.048703494926719278,0.048453006421482779,0.047959539588419954,4202 East Fowler Ave,Tampa,FL,33620-9951,-82.413232,28.061458,21134,0,84536
5,133650,Florida Agricultural and Mechanical University,13,1421,16,1340,2,1040,0.0091484869809992965,0.011940298507462687,0.0019230769230769232,1500 S Martin Luther King Jr Blvd,Tallahassee,FL,32307,-84.290226,30.428504,23312,0,93248
5,137759,Tallahassee Community College,2,2941,1,2839,3,3241,0.00068004080244814691,0.00035223670306445932,0.00092564023449552611,444 Appleyard Dr,Tallahassee,FL,32304-2895,-84.339,30.443866,9290,0,37160
5,133021,Chipola College,7,490,2,416,3,384,0.014285714285714285,0.004807692307692308,0.0078125,3094 Indian Circle,Marianna,FL,32446-2053,-85.23139,30.789228,9030,0,36120
5,134608,Indian River State College,22,2102,11,2577,6,1836,0.010466222645099905,0.0042685292976329062,0.0032679738562091504,3209 Virginia Ave,Fort Pierce,FL,34981-5596,-80.358682,27.42416,10266,0,41064
5,136330,Palm Beach Atlantic University,17,526,12,520,13,526,0.032319391634980987,0.023076923076923078,0.024714828897338403,901 S. Flagler Drive,West Palm Beach,FL,33401,-80.05247,26.7044,49839,0,199356
5,133386,Daytona State College,12,2052,10,1941,14,1495,0.0058479532163742687,0.0051519835136527563,0.0093645484949832769,1200 W. International Speedway Blvd.,Daytona Beach,FL,32114,-81.049685,29.203275,12978,0,51912
5,133711,Flagler College-St Augustine,45,653,16,640,14,595,0.068912710566615618,0.025,0.023529411764705882,74 King Street,Saint Augustine,FL,32084,-81.314887,29.892733,35809,0,143236
5,132602,Bethune-Cookman University,16,939,9,560,16,680,0.017039403620873271,0.01607142857142857,0.023529411764705882,640 Dr Mary McLeod Bethune Blvd,Daytona Beach,FL,32114-3099,-81.032946,29.207195,30219,0,120876
5,133492,Eckerd College,15,581,12,539,18,487,0.025817555938037865,0.022263450834879406,0.036960985626283367,4200 54th Ave S,Saint Petersburg,FL,33711-4700,-82.687043,27.715798,63342,0,253368
5,484473,University of Florida-Online,7,541,18,761,23,718,0.012939001848428836,0.023653088042049936,0.032033426183844013,341 Tigert Hall  300 SW 13th St,Gainesville,FL,32611,-82.339848,29.649413,17148,0,68592
5,132903,University of Central Florida,30,7229,36,7323,31,8037,0.0041499515838981874,0.0049160180253994268,0.0038571606320766455,4000 Central Florida Blvd,Orlando,FL,32816,-81.200889,28.602159,21309,0,85236
5,136950,Rollins College,45,549,62,556,32,504,0.081967213114754092,0.11151079136690648,0.063492063492063489,1000 Holt Avenue,Winter Park,FL,32789-4499,-81.349239,28.592787,66805,0,267220
4,139940,Georgia State University,201,4999,513,5064,237,5518,0.040208041608321664,0.10130331753554503,0.042950344327654946,33 gilmer st,Atlanta,GA,30303-3083,-84.38667,33.7527,27206,0,108824
4,139931,Georgia Southern University,56,4345,50,4253,34,5341,0.012888377445339471,0.011756407241946862,0.00636584909193035,1332 Southern Drive,Statesboro,GA,30460-8126,-81.784045,32.426153,22608,0,90432
4,140951,Savannah College of Art and Design,459,2759,396,2769,292,2128,0.16636462486408118,0.14301191765980498,0.13721804511278196,342 Bull St,Savannah,GA,31402-3146,-81.093849,32.072963,58367,0,233468
4,486840,Kennesaw State University,124,4783,153,6533,116,8018,0.025925151578507211,0.023419562222562376,0.014467448241456722,1000 Chastain Rd,Kennesaw,GA,30144,-84.583052,34.038807,25059,0,100236
4,139658,Emory University,254,1431,246,1374,256,1344,0.17749825296995109,0.17903930131004367,0.19047619047619047,201 Dowman Drive,Atlanta,GA,30322,-84.325512,33.790183,72604,0,290416
4,140553,Morehouse College,7,605,2,568,1,536,0.011570247933884297,0.0035211267605633804,0.0018656716417910447,830 Westview Dr SW,Atlanta,GA,30314,-84.414917,33.745982,48802,0,195208
4,139861,Georgia College & State University,4,1483,4,1481,1,1363,0.0026972353337828725,0.0027008777852802163,0.00073367571533382249,231 W Hancock Street,Milledgeville,GA,31061,-83.231962,33.082787,28707,0,114828
4,139764,Georgia Southwestern State University,6,415,7,392,1,477,0.014457831325301205,0.017857142857142856,0.0020964360587002098,800 Georgia Southwestern State University Dr.,Americus,GA,31709-4693,-84.217738,32.054662,19125,0,76500
4,139144,Berry College,1,509,3,577,2,619,0.0019646365422396855,0.0051993067590987872,0.0032310177705977385,2277 Martha Berry Hwy NW,Mount Berry,GA,30149,-85.189202,34.290414,52966,0,211864
4,141237,Truett McConnell University,12,285,8,215,3,271,0.042105263157894736,0.037209302325581395,0.01107011070110701,100 Alumni Dr,Cleveland,GA,30528,-83.748911,34.596306,33299,0,133196
4,139250,College of Coastal Georgia,3,795,2,671,4,639,0.0037735849056603774,0.0029806259314456036,0.0062597809076682318,One College Drive,Brunswick,GA,31520-3644,-81.485973,31.182745,18200,0,72800
4,485111,Georgia Military College,11,1438,17,1339,4,1053,0.0076495132127955496,0.012696041822255415,0.0037986704653371322,201 E Greene St,Milledgeville,GA,31061,-83.224211,33.07944,14286,0,57144
4,141264,Valdosta State University,11,1765,19,1657,4,2617,0.0062322946175637391,0.011466505733252867,0.0015284677111196026,1500 N Patterson St,Valdosta,GA,31698,-83.289282,30.847402,20998,0,83992
4,139311,Clayton  State University,24,650,13,597,6,795,0.036923076923076927,0.021775544388609715,0.0075471698113207548,2000 Clayton State Boulevard,Morrow,GA,30260-0285,-84.328174,33.594079,18374,0,73496
4,138600,Agnes Scott College,13,324,14,299,6,274,0.040123456790123455,0.046822742474916385,0.021897810218978103,141 E. College Ave.,Decatur,GA,30030-3770,-84.295459,33.769268,55403,0,221612
4,140872,Reinhardt University,3,351,4,338,7,292,0.0085470085470085479,0.011834319526627219,0.023972602739726026,7300 Reinhardt Circle,Waleska,GA,30183-2981,-84.554264,34.319756,39983,0,159932
4,482149,Augusta University,11,1074,14,1119,9,1028,0.010242085661080074,0.012511170688114389,0.0087548638132295721,1120 15th St,Augusta,GA,30912,-81.989071,33.47037,20115,0,80460
4,447689,Georgia Gwinnett College,12,2388,16,2800,9,2308,0.0050251256281407036,0.0057142857142857143,0.00389948006932409,1000 University Center Lane,Lawrenceville,GA,30043,-84.00459,33.979409,18387,0,73548
4,140960,Savannah State University,10,795,5,812,14,745,0.012578616352201259,0.0061576354679802959,0.018791946308724831,3219 College Street,Savannah,GA,31404-5310,-81.063377,32.024781,16819,0,67276
4,141334,University of West Georgia,23,2289,11,1852,14,1821,0.010048055919615552,0.0059395248380129592,0.0076880834706205383,1601 Maple St,Carrollton,GA,30118-0001,-85.097762,33.573621,23684,0,94736
4,139366,Columbus State University,27,1069,20,1052,15,1387,0.025257249766136577,0.019011406844106463,0.010814708002883922,4225 University Ave,Columbus,GA,31907-5645,-84.94106,32.50096,19807,0,79228
4,139700,Georgia Highlands College,32,1442,51,1374,19,1051,0.022191400832177532,0.037117903930131008,0.018078020932445291,"3175 Cedartown Highway, S.E.",Rome,GA,30161-3897,-85.207356,34.169791,11974,0,47896
4,482680,University of North Georgia,57,4459,50,4157,20,4320,0.012783135232114823,0.012027904738994467,0.0046296296296296294,82 College Circle,Dahlonega,GA,30597,-83.985694,34.530219,16816,0,67264
4,139463,Dalton State College,40,927,35,927,23,852,0.043149946062567425,0.037756202804746494,0.02699530516431925,650 College Drive,Dalton,GA,30720-3797,-85.002775,34.774221,11526,0,46104
4,482158,Middle Georgia State University,56,1465,44,1442,26,1448,0.038225255972696243,0.030513176144244106,0.017955801104972375,100 University Parkway,Macon,GA,31206,-83.732058,32.808092,15822,0,63288
4,139959,University of Georgia,44,5727,48,5499,26,5646,0.0076829055351842149,0.00872885979268958,0.0046050301098122561,Administration Building,Athens,GA,30602,-83.374039,33.956262,27329,0,109316
25,230047,Brigham Young University-Hawaii,84,533,79,524,160,649,0.1575984990619137,0.15076335877862596,0.24653312788906009,55-220 Kulanui Street,Laie,HI,96762-1294,-157.926586,21.642074,19641,0,78564
25,141981,University of Hawaii-West Oahu,2,242,1,217,1,232,0.0082644628099173556,0.004608294930875576,0.0043103448275862068,91-1001 Farrington Highway,Kapolei,HI,96707-4507,-158.056403,21.35531,19914,0,79656
25,141565,University of Hawaii at Hilo,14,413,6,449,8,462,0.033898305084745763,0.013363028953229399,0.017316017316017316,200 W Kawili St,Hilo,HI,96720-4091,-155.080847,19.701189,20440,0,81760
25,141574,University of Hawaii at Manoa,56,2209,43,2020,37,2184,0.025350837483023993,0.021287128712871289,0.01694139194139194,2500 Campus Road,Honolulu,HI,96822-2217,-157.818979,21.298598,23405,0,93620
17,154004,Morningside College,16,345,20,367,27,358,0.0463768115942029,0.054495912806539509,0.075418994413407825,1501 Morningside Ave,Sioux City,IA,51106-1751,-96.359464,42.473891,45927,0,183708
17,153250,Dordt College,25,365,29,387,29,397,0.0684931506849315,0.074935400516795869,0.073047858942065488,700 7th St SE,Sioux Center,IA,51250-1606,-96.166562,43.082527,46028,0,184112
17,153384,Grinnell College,80,463,91,459,53,365,0.17278617710583152,0.19825708061002179,0.14520547945205478,1121 Park Street,Grinnell,IA,50112-1690,-92.722094,41.747952,70346,0,281384
17,152992,Briar Cliff University,23,181,5,136,4,172,0.1270718232044199,0.036764705882352942,0.023255813953488372,3303 Rebecca Street,Sioux City,IA,51104,-96.428444,42.526443,45452,0,181808
17,154235,Saint Ambrose University,16,506,8,477,4,521,0.031620553359683792,0.016771488469601678,0.007677543186180422,518 W Locust St,Davenport,IA,52803-2898,-90.579854,41.54065,46894,0,187576
17,153144,Coe College,9,393,5,379,5,392,0.022900763358778626,0.013192612137203167,0.012755102040816327,1220 First Ave NE,Cedar Rapids,IA,52402-5092,-91.658192,41.988263,58857,0,235428
17,154493,Upper Iowa University,6,186,7,211,6,211,0.032258064516129031,0.033175355450236969,0.02843601895734597,605 Washington St,Fayette,IA,52142-1857,-91.799543,42.838283,45237,0,180948
17,154095,University of Northern Iowa,8,1661,9,1465,6,1482,0.00481637567730283,0.0061433447098976105,0.004048582995951417,1227 W 27th St,Cedar Falls,IA,50614-0005,-92.459703,42.514923,21047,0,84188
17,154518,Waldorf University,10,253,10,183,6,162,0.039525691699604744,0.0546448087431694,0.037037037037037035,106 S Sixth St,Forest City,IA,50436-1713,-93.641714,43.262923,34318,0,137272
17,154013,Mount Mercy University,8,240,6,219,7,225,0.033333333333333333,0.0273972602739726,0.03111111111111111,1330 Elmhurst Dr NE,Cedar Rapids,IA,52402-4797,-91.650991,42.001931,48189,0,192756
17,153269,Drake University,10,750,14,782,12,738,0.013333333333333334,0.017902813299232736,0.016260162601626018,2507 University Avenue,Des Moines,IA,50311-4505,-93.652163,41.60129,57643,0,230572
17,153834,Luther College,54,554,40,527,17,453,0.097472924187725629,0.075901328273244778,0.037527593818984545,700 College Drive,Decorah,IA,52101-1045,-91.802809,43.312304,57885,0,231540
17,154527,Wartburg College,27,469,27,398,23,468,0.057569296375266525,0.0678391959798995,0.049145299145299144,100 Wartburg Blvd.,Waverly,IA,50677-0903,-92.483387,42.7277,55508,0,222032
17,153658,University of Iowa,185,4806,120,4986,68,4510,0.038493549729504785,0.024067388688327317,0.015077605321507761,101 Jessup Hall,Iowa City,IA,52242-1316,-91.536425,41.661935,24806,0,99224
28,142276,Idaho State University,20,1516,21,1458,13,1347,0.013192612137203167,0.014403292181069959,0.0096510764662212315,921 S 8th Ave,Pocatello,ID,83209,-112.432312,42.863832,20652,0,82608
28,142285,University of Idaho,25,1434,23,1475,13,1425,0.017433751743375175,0.015593220338983051,0.0091228070175438589,875 Perimeter Drive MS 2282,Moscow,ID,83844-2282,-117.014167,46.727406,21525,0,86100
28,142115,Boise State University,27,2884,26,3027,14,2870,0.0093619972260748953,0.0085893624050214726,0.0048780487804878049,1910 University Dr,Boise,ID,83725,-116.203301,43.604284,21621,0,86484
6,243780,Purdue University-Main Campus,792,8491,1061,8195,883,8982,0.093275232599222713,0.12946918852959122,0.098307726564239584,Hovde Hall of Administration,West Lafayette,IN,47907-2040,-86.914435,40.428206,22645,0,90580
6,152318,Rose-Hulman Institute of Technology,81,499,41,496,43,531,0.16232464929859719,0.082661290322580641,0.080979284369114876,5500 Wabash Avenue,Terre Haute,IN,47803-3920,-87.326749,39.483602,70401,0,281604
6,151111,Indiana University-Purdue University-Indianapolis,94,4103,72,4295,55,3811,0.022910065805508164,0.016763678696158323,0.014431907635791131,420 University Blvd,Indianapolis,IN,46202-5143,-86.172217,39.772948,21127,0,84508
6,150400,DePauw University,78,564,74,423,72,382,0.13829787234042554,0.17494089834515367,0.18848167539267016,313 S Locust St,Greencastle,IN,46135-1772,-86.860363,39.640904,66946,0,267784
6,152080,University of Notre Dame,176,2070,175,2051,145,2193,0.085024154589371986,0.085324232081911269,0.066119471044231645,400 Main Building,Notre Dame,IN,46556,-86.238959,41.703058,74172,0,296688
6,151351,Indiana University-Bloomington,580,8097,492,8291,275,7928,0.071631468445103125,0.059341454589313711,0.034687184661957617,107 South Indiana Ave.,Bloomington,IN,47405-7000,-86.526559,39.16609,25587,0,102348
6,151360,Indiana University-Northwest,4,674,2,686,1,663,0.0059347181008902079,0.0029154518950437317,0.0015082956259426848,3400 Broadway,Gary,IN,46408-1197,-87.337249,41.557324,13054,0,52216
6,151333,Indiana University-Kokomo,4,639,5,637,1,629,0.0062597809076682318,0.0078492935635792772,0.001589825119236884,2300 S Washington St,Kokomo,IN,46902-9003,-86.132048,40.460062,16738,0,66952
6,151379,Indiana University-Southeast,8,1012,3,948,2,800,0.0079051383399209481,0.0031645569620253164,0.0025,4201 Grant Line Rd,New Albany,IN,47150,-85.819985,38.345191,17421,0,69684
6,152600,Valparaiso University,4,756,22,647,2,637,0.0052910052910052907,0.034003091190108192,0.0031397174254317113,US Highway 30 and Sturdy Road,Valparaiso,IN,46383,-87.040172,41.462239,53847,0,215388
6,152637,Vincennes University,8,2193,12,1602,5,1374,0.00364797081623347,0.00749063670411985,0.00363901018922853,1002 N First St,Vincennes,IN,47591,-87.519939,38.687766,18741,0,74964
6,150163,Butler University,31,1326,8,1116,7,1104,0.023378582202111614,0.0071684587813620072,0.0063405797101449279,4600 Sunset Ave,Indianapolis,IN,46208,-86.172167,39.8374,61623,0,246492
6,152567,Trine University,11,641,13,618,7,632,0.0171606864274571,0.021035598705501618,0.011075949367088608,1 University Ave,Angola,IN,46703-1764,-85.008009,41.632502,47142,0,188568
6,151388,Indiana University-East,12,455,1,451,9,385,0.026373626373626374,0.0022172949002217295,0.023376623376623377,2325 Chester Blvd,Richmond,IN,47374-1289,-84.881923,39.868707,16144,0,64576
6,151342,Indiana University-South Bend,16,929,12,854,10,805,0.017222820236813777,0.01405152224824356,0.012422360248447204,1700 Mishawaka Ave,South Bend,IN,46615-7111,-86.221991,41.665324,16667,0,66668
6,151306,University of Southern Indiana,3,1644,20,1585,10,1286,0.0018248175182481751,0.012618296529968454,0.0077760497667185074,8600 University Blvd,Evansville,IN,47712,-87.677214,37.962374,20146,0,80584
6,150534,University of Evansville,1,498,17,445,11,395,0.002008032128514056,0.038202247191011236,0.027848101265822784,1800 Lincoln Avenue,Evansville,IN,47722,-87.531644,37.971549,50986,0,203944
6,152530,Taylor University,18,532,10,490,12,416,0.033834586466165412,0.020408163265306121,0.028846153846153848,236 W Reade Ave,Upland,IN,46989-1001,-85.497034,40.456246,48656,0,194624
6,151324,Indiana State University,36,2402,37,1892,13,1775,0.01498751040799334,0.019556025369978858,0.0073239436619718309,210 N 7th St,Terre Haute,IN,47809,-87.407846,39.469073,22718,0,90872
21,155317,University of Kansas,180,4164,150,4125,106,3829,0.043227665706051875,0.036363636363636362,0.02768346826847741,"Strong Hall, 1450 Jayhawk Blvd, Room 230",Lawrence,KS,66045,-95.247567,38.958549,26204,0,104816
21,154712,Benedictine College,1,570,6,524,2,575,0.0017543859649122807,0.011450381679389313,0.0034782608695652175,1020 N 2nd St,Atchison,KS,66002-1499,-95.111473,39.572646,46309,0,185236
21,154688,Baker University,8,247,4,245,3,224,0.032388663967611336,0.0163265306122449,0.013392857142857142,615 Dearborn Street,Baldwin City,KS,66006-0065,-95.187346,38.778712,44473,0,177892
21,155089,Friends University,2,173,5,177,3,212,0.011560693641618497,0.028248587570621469,0.014150943396226415,2100 W. University Ave.,Wichita,KS,67213,-97.367048,37.678459,39879,0,159516
21,155900,Southwestern College,6,187,5,160,8,226,0.032085561497326207,0.03125,0.035398230088495575,100 College Street,Winfield,KS,67156-2499,-96.975405,37.248608,46869,0,187476
21,156082,Washburn University,20,791,30,788,8,660,0.025284450063211124,0.038071065989847719,0.012121212121212121,1700 SW College Avenue,Topeka,KS,66621-0001,-95.702222,39.033778,20011,0,80044
21,155335,Newman University,9,183,5,184,11,148,0.049180327868852458,0.02717391304347826,0.074324324324324328,3100 McCormick Ave,Wichita,KS,67213-2097,-97.37768,37.672643,41633,0,166532
21,155061,Fort Hays State University,6,996,9,986,16,912,0.006024096385542169,0.0091277890466531439,0.017543859649122806,600 Park St,Hays,KS,67601-4099,-99.342503,38.872156,18111,0,72444
24,157447,Northern Kentucky University,28,1980,48,1950,43,1836,0.014141414141414142,0.024615384615384615,0.023420479302832243,Nunn Drive,Highland Heights,KY,41099,-84.463483,39.029714,17869,0,71476
24,156365,Campbellsville University,52,666,57,664,50,689,0.078078078078078081,0.0858433734939759,0.072568940493468792,1 University Dr,Campbellsville,KY,42718-2799,-85.348943,37.343342,38502,0,154008
24,157085,University of Kentucky,73,5077,58,5348,50,4891,0.014378570021666339,0.010845175766641735,0.010222858311183807,South Limestone,Lexington,KY,40506-0032,-84.504747,38.038911,30178,0,120712
24,157386,Morehead State University,3,1472,5,1315,2,1199,0.0020380434782608695,0.0038022813688212928,0.0016680567139282735,University Blvd,Morehead,KY,40351,-83.434021,38.186768,22059,0,88236
24,156295,Berea College,30,438,38,413,3,295,0.0684931506849315,0.092009685230024216,0.010169491525423728,101 Chestnut Street,Berea,KY,40404-2182,-84.292893,37.57202,54866,0,219464
24,156286,Bellarmine University,4,653,5,617,5,573,0.0061255742725880554,0.0081037277147487843,0.0087260034904013961,2001 Newburg Rd,Louisville,KY,40205-0671,-85.704997,38.219279,56319,0,225276
24,157809,Thomas More College,3,491,10,377,7,411,0.0061099796334012219,0.026525198938992044,0.0170316301703163,333 Thomas More Parkway,Crestview Hills,KY,41017-3495,-84.568923,39.022963,42003,0,168012
24,156620,Eastern Kentucky University,14,2426,17,2349,7,2271,0.0057708161582852432,0.0072371221796509152,0.0030823425803610744,521 Lancaster Ave,Richmond,KY,40475-3102,-84.300796,37.740845,23384,0,93536
24,156408,Centre College,18,358,24,355,8,352,0.05027932960893855,0.0676056338028169,0.022727272727272728,625 W Walnut St,Danville,KY,40422-1394,-84.779392,37.645709,56645,0,226580
24,156213,Asbury University,20,279,14,292,10,264,0.071684587813620068,0.047945205479452052,0.03787878787878788,1 Macklem Dr,Wilmore,KY,40390-1198,-84.662606,37.862029,42462,0,169848
24,157863,Union College,20,222,17,172,23,258,0.090090090090090086,0.098837209302325577,0.089147286821705432,310 College St,Barbourville,KY,40906-1499,-83.888477,36.870875,39439,0,157756
24,157216,Lindsey Wilson College,12,550,28,526,25,471,0.02181818181818182,0.053231939163498096,0.053078556263269641,210 Lindsey Wilson St,Columbia,KY,42728-1223,-85.299997,37.101502,38208,0,152832
24,157401,Murray State University,10,1319,14,1421,30,1503,0.0075815011372251705,0.009852216748768473,0.019960079840319361,218 Wells Hall,Murray,KY,42071-3318,-88.323629,36.612419,21349,0,85396
22,159717,McNeese State University,40,1373,48,1215,39,1231,0.029133284777858703,0.039506172839506172,0.031681559707554832,4205 Ryan St,Lake Charles,LA,70605,-93.217222,30.178187,19489,0,77956
22,160612,Southeastern Louisiana University,22,2675,34,2732,15,2577,0.00822429906542056,0.012445095168374817,0.0058207217694994182,548 Ned McGehee Ave.,Hammond,LA,70402,-90.468676,30.514652,21073,0,84292
22,160658,University of Louisiana at Lafayette,36,2733,30,2536,17,2338,0.013172338090010977,0.011829652996845425,0.0072711719418306247,104 University Circle,Lafayette,LA,70503,-92.020165,30.212191,22948,0,91792
22,159391,Louisiana State University and Agricultural & Mechanical College,54,5812,65,6132,45,6701,0.0092911218169304879,0.010600130463144161,0.0067154156096105059,156 Thomas Boyd Hall,Baton Rouge,LA,70803-2750,-91.178921,30.414986,32724,0,130896
11,163268,University of Maryland-Baltimore County,61,1794,53,1701,80,1675,0.034002229654403568,0.03115814226925338,0.047761194029850747,1000 Hilltop Circle,Baltimore,MD,21250,-76.711607,39.256686,25997,0,103988
11,163286,University of Maryland-College Park,165,6075,76,5340,63,5369,0.027160493827160494,0.014232209737827715,0.011734028683181226, ,College Park,MD,20742,-76.944721,38.988178,27343,0,109372
11,163295,Maryland Institute College of Art,114,425,136,405,53,289,0.26823529411764707,0.33580246913580247,0.18339100346020762,1300 Mount Royal Avenue,Baltimore,MD,21217-4134,-76.621033,39.308792,66413,0,265652
11,162760,Hood College,3,239,5,320,2,293,0.012552301255230125,0.015625,0.0068259385665529011,401 Rosemont Ave,Frederick,MD,21701,-77.419049,39.420631,56168,0,224672
11,164216,Washington College,4,310,8,325,9,260,0.012903225806451613,0.024615384615384615,0.034615384615384617,300 Washington Ave,Chestertown,MD,21620-1438,-76.06878,39.217329,65405,0,261620
11,164076,Towson University,39,2996,26,2795,17,2394,0.0130173564753004,0.0093023255813953487,0.0071010860484544691,8000 York Rd,Towson,MD,21252-0001,-76.611164,39.393622,25697,0,102788
11,163204,University of Maryland-University College,34,704,30,646,25,664,0.048295454545454544,0.046439628482972138,0.037650602409638557,3501 University Blvd East,Adelphi,MD,20783-8010,-76.847584,38.912706,19764,0,79056
30,161004,Bowdoin College,46,510,40,498,36,463,0.090196078431372548,0.080321285140562249,0.07775377969762419,255 Maine Street,Brunswick,ME,4011,-69.963942,43.907134,73800,0,295200
30,161217,University of Maine at Augusta,4,375,1,345,1,366,0.010666666666666666,0.0028985507246376812,0.00273224043715847,46 University Dr,Augusta,ME,04330-9410,-69.796396,44.337746,16948,0,67792
30,161554,University of Southern Maine,3,947,3,893,2,808,0.0031678986272439284,0.0033594624860022394,0.0024752475247524753,96 Falmouth St,Portland,ME,4103,-70.274247,43.662863,19582,0,78328
30,161235,University of Maine at Fort Kent,10,157,3,132,3,91,0.063694267515923567,0.022727272727272728,0.032967032967032968,23 University Drive,Fort Kent,ME,04743-1292,-68.589319,47.250389,18521,0,74084
30,161341,University of Maine at Presque Isle,3,168,14,189,4,179,0.017857142857142856,0.07407407407407407,0.0223463687150838,181 Main St,Presque Isle,ME,04769-2888,-68.016343,46.672285,17586,0,70344
30,161086,Colby College,64,580,59,522,54,566,0.1103448275862069,0.11302681992337164,0.095406360424028266,4000 Mayflower Hill Drive,Waterville,ME,04901-8840,-69.66337,44.564211,73600,0,294400
9,168740,Andrews University,38,296,23,283,24,257,0.12837837837837837,0.0812720848056537,0.0933852140077821,"4150 Administration Drive, Room 136",Berrien Springs,MI,49104,-86.355815,41.963859,40948,0,163792
9,172699,Western Michigan University,88,3023,122,2919,65,2618,0.029110155474694012,0.041795135320315174,0.024828113063407181,1903 W Michigan Ave,Kalamazoo,MI,49008-5200,-85.613759,42.282194,26567,0,106268
9,171100,Michigan State University,754,8688,709,8801,416,8389,0.086786372007366483,0.080559027383251908,0.049588747168911672, ,East Lansing,MI,48824-1046,-84.476111,42.73212,28626,0,114504
9,172200,Schoolcraft College,19,1730,52,1744,2,1546,0.010982658959537572,0.029816513761467892,0.00129366106080207,18600 Haggerty Road,Livonia,MI,48152-2696,-83.430958,42.419279,10207,0,40828
9,170806,Madonna University,1,220,3,266,3,281,0.0045454545454545452,0.011278195488721804,0.010676156583629894,36600 Schoolcraft Rd,Livonia,MI,48150-1176,-83.404722,42.384323,35736,0,142944
9,172334,Spring Arbor University,3,192,4,216,3,208,0.015625,0.018518518518518517,0.014423076923076924,106 E. Main St,Spring Arbor,MI,49283-9799,-84.556074,42.206568,41548,0,166192
9,168546,Albion College,5,428,5,415,5,478,0.011682242990654205,0.012048192771084338,0.010460251046025104,611 E Porter St,Albion,MI,49224,-84.745639,42.245049,62041,0,248164
9,170967,Rochester College,7,139,8,142,5,196,0.050359712230215826,0.056338028169014086,0.025510204081632654,800 West Avon Road,Rochester Hills,MI,48307,-83.144959,42.667521,33013,0,132052
9,171492,Northwood University,8,283,6,300,6,263,0.028268551236749116,0.02,0.022813688212927757,4000 Whiting Dr,Midland,MI,48640-2398,-84.27682,43.628717,41997,0,167988
9,169910,Ferris State University,17,1890,14,1892,8,1544,0.0089947089947089946,0.0073995771670190271,0.0051813471502590676,1201 S State St,Big Rapids,MI,49307-2251,-85.481925,43.687724,23106,0,92424
9,171456,Northern Michigan University,9,1624,14,1610,11,1360,0.0055418719211822662,0.0086956521739130436,0.0080882352941176478,1401 Presque Isle Avenue,Marquette,MI,49855-5301,-87.406568,46.559751,23578,0,94312
9,169248,Central Michigan University,25,2732,18,2473,11,2088,0.0091508052708638363,0.0072786089769510719,0.0052681992337164753,106 Warriner Hall,Mount Pleasant,MI,48859,-84.77525,43.591203,25078,0,100312
9,169798,Eastern Michigan University,39,2404,63,2152,15,1922,0.016222961730449251,0.029275092936802975,0.007804370447450572,900 Oakwood St.,Ypsilanti,MI,48197,-83.627443,42.251675,24994,0,99976
9,169442,College for Creative Studies,17,254,16,293,16,334,0.066929133858267723,0.054607508532423209,0.04790419161676647,201 E Kirby,Detroit,MI,48202,-83.062352,42.361839,57085,0,228340
9,170082,Grand Valley State University,33,4311,28,4236,19,3786,0.0076548364648573418,0.0066100094428706326,0.005018489170628632,1 Campus Dr,Allendale,MI,49401-9403,-85.889826,42.963001,24280,0,97120
9,168528,Adrian College,26,634,13,541,20,535,0.041009463722397478,0.024029574861367836,0.037383177570093455,110 S Madison St,Adrian,MI,49221-2575,-84.061481,41.898591,54621,0,218484
9,171571,Oakland University,13,2700,28,2667,23,2258,0.0048148148148148152,0.010498687664041995,0.010186005314437556,2200 North Squirrel Road,Rochester Hills,MI,48309-4401,-83.216418,42.674573,23778,0,95112
9,170301,Hope College,18,798,13,727,25,788,0.022556390977443608,0.017881705639614855,0.031725888324873094,"100 E. 8th Street, Suite 260",Holland,MI,49422-9000,-86.102089,42.787298,48607,0,194428
9,169716,University of Detroit Mercy,36,583,45,530,37,419,0.061749571183533448,0.084905660377358486,0.0883054892601432,4001 W McNichols Rd,Detroit,MI,48221-3038,-83.139158,42.414222,38440,0,153760
15,174066,University of Minnesota-Twin Cities,284,5977,463,6278,291,5966,0.047515475991299981,0.073749601784007648,0.048776399597720413,100 Church Street SE,Minneapolis,MN,55455-0213,-93.235464,44.972851,27654,0,110616
15,173045,Augsburg University,7,418,6,636,1,563,0.016746411483253589,0.009433962264150943,0.0017761989342806395,2211 Riverside Ave,Minneapolis,MN,55454,-93.240436,44.966307,54069,0,216276
15,173160,Bethel University,2,619,1,586,2,479,0.0032310177705977385,0.0017064846416382253,0.0041753653444676405,3900 Bethel Dr,Saint Paul,MN,55112,-93.161663,45.057655,52723,0,210892
15,174251,University of Minnesota-Morris,10,370,5,322,2,269,0.027027027027027029,0.015527950310559006,0.0074349442379182153,309 Behmler Hall,Morris,MN,56267,-95.899729,45.589775,24636,0,98544
15,174899,The College of Saint Scholastica,10,397,6,450,6,330,0.025188916876574308,0.013333333333333334,0.018181818181818181,1200 Kenwood Ave,Duluth,MN,55811-4199,-92.106134,46.816082,50923,0,203692
15,174491,University of Northwestern-St Paul,6,418,13,408,7,368,0.014354066985645933,0.031862745098039214,0.019021739130434784,3003 Snelling Ave N,Saint Paul,MN,55113-1598,-93.167822,45.033703,43817,0,175268
15,174075,University of Minnesota-Crookston,14,228,13,214,8,200,0.061403508771929821,0.060747663551401869,0.04,2900 University Ave,Crookston,MN,56716-5001,-96.606188,47.802536,23804,0,95216
15,174747,College of Saint Benedict,18,445,14,438,8,400,0.040449438202247189,0.0319634703196347,0.02,37 S. College Ave.,Saint Joseph,MN,56374,-94.319888,45.561792,60788,0,243152
15,174792,Saint Johns University,18,404,17,414,9,414,0.044554455445544552,0.041062801932367152,0.021739130434782608,2850 Abbey Plaza,Collegeville,MN,56321,-94.393621,45.580075,59972,0,239888
15,173300,Concordia College at Moorhead,24,597,22,517,10,498,0.040201005025125629,0.0425531914893617,0.020080321285140562,901 S 8th St,Moorhead,MN,56562,-96.76749,46.862482,53819,0,215276
15,174233,University of Minnesota-Duluth,26,2221,17,2043,18,1780,0.011706438541197659,0.008321096426823299,0.010112359550561797,515 Darland Administration Bldg,Duluth,MN,55812,-92.084385,46.817126,25326,0,101304
15,173258,Carleton College,66,529,61,525,31,453,0.12476370510396975,0.11619047619047619,0.0684326710816777,One North College Street,Northfield,MN,55057,-93.154666,44.462318,74275,0,297100
15,174914,University of St Thomas,31,1759,31,1579,41,1487,0.017623649801023308,0.019632678910702975,0.027572293207800941,2115 Summit Ave,Saint Paul,MN,55105-1078,-93.188986,44.943439,57785,0,231140
35,176035,Mississippi University for Women,2,189,1,175,1,190,0.010582010582010581,0.0057142857142857143,0.005263157894736842,1100 College Street,Columbus,MS,39701,-88.418601,33.493305,20684,0,82736
35,175856,Jackson State University,10,831,15,854,7,623,0.012033694344163659,0.017564402810304448,0.011235955056179775,1400 John R. Lynch Street,Jackson,MS,39217,-90.207405,32.296105,24570,0,98280
35,176053,Mississippi College,16,523,7,465,10,422,0.030592734225621414,0.015053763440860216,0.023696682464454975,200 South Capitol Street,Clinton,MS,39058,-90.329821,32.335515,34918,0,139672
35,176017,University of Mississippi,17,3421,15,3232,13,3024,0.0049693072201110787,0.0046410891089108909,0.0042989417989417987,"Oxford, Mississippi",University,MS,38677-1848,-89.537434,34.365529,25562,0,102248
35,176372,University of Southern Mississippi,27,2080,24,1888,14,1675,0.012980769230769231,0.012711864406779662,0.00835820895522388,118 College Drive # 0001,Hattiesburg,MS,39406-0001,-89.331236,31.32661,24047,0,96188
35,176080,Mississippi State University,16,3565,23,3500,30,3223,0.0044880785413744743,0.0065714285714285718,0.00930809804529941,Lee Boulevard,Mississippi State,MS,39762,-88.790139,33.454852,25778,0,103112
40,180179,Montana State University Billings,6,639,5,611,7,504,0.0093896713615023476,0.0081833060556464818,0.013888888888888888,1500 University Drive,Billings,MT,59101-0298,-108.523009,45.796896,16755,0,67020
40,180489,The University of Montana,15,1510,9,1451,9,1225,0.0099337748344370865,0.006202618883528601,0.0073469387755102037,"Missoula, Montana",Missoula,MT,59812,-113.982912,46.859312,19958,0,79832
10,199193,North Carolina State University at Raleigh,145,4952,126,4873,74,4747,0.029281098546042002,0.025856761748409604,0.015588792921845377,2101 Hillsborough Street,Raleigh,NC,27695-7001,-78.674517,35.785111,24202,0,96808
10,199847,Wake Forest University,175,1421,141,1360,134,1452,0.12315270935960591,0.1036764705882353,0.092286501377410471,1834 Wake Forest Road,Winston-Salem,NC,27106,-80.277446,36.133609,74135,0,296540
10,199120,University of North Carolina at Chapel Hill,199,4327,178,4182,170,4445,0.045990293505893232,0.042563366810138691,0.038245219347581551,103 South Bldg Cb 9100,Chapel Hill,NC,27599,-79.050969,35.911769,24220,0,96880
10,199102,North Carolina A & T State University,7,2204,7,2289,2,2136,0.0031760435571687841,0.0030581039755351682,0.00093632958801498128,1601 E Market  St,Greensboro,NC,27411,-79.773375,36.07282,18348,0,73392
10,199184,University of North Carolina School of the Arts,8,243,4,234,3,219,0.03292181069958848,0.017094017094017096,0.0136986301369863,1533 South Main St.,Winston Salem,NC,27127-2738,-80.235672,36.076183,21755,0,87020
10,445708,Johnson & Wales University-Charlotte,2,487,3,428,4,483,0.0041067761806981521,0.0070093457943925233,0.0082815734989648039,"Academic Center, 801 West Trade Street",Charlotte,NC,28202,-80.851208,35.233502,50200,0,200800
10,200004,Western Carolina University,7,2198,44,2107,4,1823,0.0031847133757961785,0.0208827717133365,0.0021941854086670325,Highway 107,Cullowhee,NC,28723-9646,-83.186258,35.308979,18462,0,73848
10,199157,North Carolina Central University,1,1143,2,1027,6,1232,0.00087489063867016625,0.0019474196689386564,0.00487012987012987,1801 Fayetteville Street,Durham,NC,27707,-78.898602,35.974237,24075,0,96300
10,199111,University of North Carolina at Asheville,6,788,6,654,6,586,0.0076142131979695434,0.0091743119266055051,0.010238907849829351,One University Heights,Asheville,NC,28804-8510,-82.565392,35.617068,20127,0,80508
10,197911,Barton College,10,277,18,319,6,287,0.036101083032490974,0.056426332288401257,0.020905923344947737,200 E. ACC Drive,Wilson,NC,27893-7000,-77.913867,35.734376,46539,0,186156
10,198464,East Carolina University,13,4175,20,4364,6,4142,0.0031137724550898203,0.00458295142071494,0.0014485755673587638,East 5th Street,Greenville,NC,27858-4353,-77.368291,35.607186,22301,0,89204
10,199281,University of North Carolina at Pembroke,3,1233,8,1131,8,901,0.0024330900243309003,0.007073386383731211,0.0088790233074361822,One University Drive,Pembroke,NC,28372-1510,-79.200347,34.688313,15952,0,63808
10,199218,University of North Carolina Wilmington,13,2161,13,2342,8,2025,0.006015733456732994,0.0055508112724167377,0.0039506172839506174,601 South College Road,Wilmington,NC,28403-5963,-77.875527,34.225223,24837,0,99348
10,197869,Appalachian State University,12,3445,13,3501,13,3906,0.0034833091436865023,0.0037132247929163096,0.0033282130056323605,287 Rivers St,Boone,NC,28608,-81.680583,36.215536,19661,0,78644
10,198950,Meredith College,24,401,13,376,13,372,0.059850374064837904,0.034574468085106384,0.034946236559139782,3800 Hillsborough St,Raleigh,NC,27607-5298,-78.689995,35.799351,50390,0,201560
10,198835,Lenoir-Rhyne University,19,538,23,481,13,457,0.035315985130111527,0.04781704781704782,0.028446389496717725,625 7th Avenue NE,Hickory,NC,28601,-81.327598,35.739968,50232,0,200928
10,198136,Campbell University,14,830,13,742,14,676,0.016867469879518072,0.017520215633423181,0.020710059171597635,143 Main Street,Buies Creek,NC,27506,-78.738238,35.409149,51131,0,204524
10,199148,University of North Carolina at Greensboro,8,2989,21,2746,15,2432,0.0026764804282368685,0.00764748725418791,0.0061677631578947369,1400 Spring Garden St,Greensboro,NC,27402-6170,-79.809414,36.068236,19179,0,76716
10,198969,Methodist University,32,385,28,378,21,352,0.083116883116883117,0.07407407407407407,0.059659090909090912,5400 Ramsey St,Fayetteville,NC,28311-1420,-78.874426,35.135058,55751,0,223004
10,199139,University of North Carolina at Charlotte,23,3708,52,3653,41,3999,0.0062028047464940672,0.014234875444839857,0.010252563140785197,9201 University City Blvd,Charlotte,NC,28223-0001,-80.730919,35.306022,23478,0,93912
10,198385,Davidson College,34,515,46,527,45,520,0.066019417475728162,0.0872865275142315,0.086538461538461536,405 N. Main Street,Davidson,NC,28035,-80.843979,35.499767,70744,0,282976
34,200022,Bismarck State College,4,864,2,817,2,795,0.0046296296296296294,0.0024479804161566705,0.0025157232704402514,1500 Edwards Ave.,Bismarck,ND,58506-5587,-100.816534,46.821459,13476,0,53904
34,200059,Dickinson State University,6,181,4,202,2,244,0.033149171270718231,0.019801980198019802,0.00819672131147541,291 Campus Drive,Dickinson,ND,58601-4896,-102.799679,46.882917,17708,0,70832
34,200217,University of Mary,2,530,6,433,4,440,0.0037735849056603774,0.013856812933025405,0.00909090909090909,7500 University Dr,Bismarck,ND,58504,-100.75274,46.723767,30194,0,120776
34,200572,Valley City State University,3,165,2,218,6,195,0.018181818181818181,0.0091743119266055051,0.030769230769230771,101 College St SW,Valley City,ND,58072,-98.00389,46.918517,18712,0,74848
34,200253,Minot State University,34,397,40,399,32,396,0.085642317380352648,0.10025062656641603,0.080808080808080815,500 University Ave W,Minot,ND,58707,-101.29861,48.246961,16896,0,67584
27,181464,University of Nebraska-Lincoln,231,4816,169,4775,94,4771,0.047965116279069769,0.035392670157068061,0.019702368476210437,1400 R Street,Lincoln,NE,68588-0419,-96.700508,40.817598,24400,0,97600
27,181446,Nebraska Wesleyan University,1,487,3,487,1,427,0.0020533880903490761,0.0061601642710472282,0.00234192037470726,5000 St Paul Ave,Lincoln,NE,68504-2794,-96.64831,40.839098,48718,0,194872
27,180948,Chadron State College,6,368,3,399,2,377,0.016304347826086956,0.0075187969924812026,0.0053050397877984082,1000 Main St,Chadron,NE,69337-2690,-103.001615,42.8199,22030,0,88120
27,181783,Wayne State College,9,721,25,730,2,813,0.012482662968099861,0.034246575342465752,0.0024600246002460025,1111 Main St,Wayne,NE,68787,-97.015122,42.241556,19521,0,78084
27,181330,Midland University,6,330,8,317,14,370,0.018181818181818181,0.025236593059936908,0.03783783783783784,900 N. Clarkson St.,Fremont,NE,68025,-96.488008,41.43674,45689,0,182756
27,181215,University of Nebraska at Kearney,28,944,14,863,14,833,0.029661016949152543,0.016222479721900347,0.01680672268907563,2504 9th Avenue,Kearney,NE,68849-1212,-99.098699,40.701452,23319,0,93276
27,181002,Creighton University,28,1155,19,1076,14,1015,0.024242424242424242,0.017657992565055763,0.013793103448275862,2500 California Plaza,Omaha,NE,68178,-95.947811,41.265361,56120,0,224480
27,181394,University of Nebraska at Omaha,67,2151,72,2067,45,2223,0.031148303114830311,0.03483309143686502,0.020242914979757085,6001 Dodge St,Omaha,NE,68182-0225,-96.008516,41.258769,19797,0,79188
30,182670,Dartmouth College,128,1167,120,1190,112,1057,0.10968294772922023,0.10084033613445378,0.10596026490066225,207 Parkhurst Hall,Hanover,NH,03755-3529,-72.289949,43.704115,77152,0,308608
30,183080,Plymouth State University,7,1097,13,1037,11,1075,0.0063810391978122152,0.01253616200578592,0.010232558139534883,17 High Street,Plymouth,NH,03264-1595,-71.690164,43.759573,28222,0,112888
30,183044,University of New Hampshire-Main Campus,18,3031,27,2731,21,2630,0.0059386341141537445,0.0098864884657634561,0.0079847908745247151,"105 Main St., Thompson Hall",Durham,NH,03824-3547,-70.932465,43.135934,33940,0,135760
30,183026,Southern New Hampshire University,12,9347,79,10485,54,15720,0.001283834385364288,0.0075345731998092509,0.0034351145038167938,2500 North River Road,Manchester,NH,03106-1045,-71.451842,43.038922,50505,0,202020
32,187897,New Mexico Highlands University,4,281,4,280,2,193,0.014234875444839857,0.014285714285714285,0.010362694300518135,803 University Ave,Las Vegas,NM,87701,-105.219197,35.596233,18299,0,73196
32,187648,Eastern New Mexico University-Main Campus,8,557,3,558,5,439,0.014362657091561939,0.0053763440860215058,0.011389521640091117,"ENMU Station 2, 1500 S Ave K",Portales,NM,88130,-103.34819,34.175592,17897,0,71588
32,187985,University of New Mexico-Main Campus,45,2653,67,2594,23,2790,0.016961929890689786,0.025828835774865073,0.0082437275985663087,1700 Lomas Blvd NE,Albuquerque,NM,87106,-106.620155,35.083868,19351,0,77404
32,188030,New Mexico State University-Main Campus,41,2264,40,2178,41,2169,0.018109540636042403,0.018365472910927456,0.018902720147533424,2850 Weddell Street,Las Cruces,NM,88003-8001,-106.752069,32.281568,19760,0,79040
39,182290,University of Nevada-Reno,21,3691,15,3547,16,3342,0.0056895150365754536,0.00422892585283338,0.0047875523638539795,North Virginia Street,Reno,NV,89557,-119.815377,39.543642,23256,0,93024
39,182281,University of Nevada-Las Vegas,70,4144,69,4465,38,4475,0.016891891891891893,0.015453527435610303,0.0084916201117318443,4505 S Maryland Pky,Las Vegas,NV,89154,-115.138462,36.106047,18756,0,75024
7,206695,Youngstown State University,52,2308,34,2000,27,1808,0.022530329289428077,0.017,0.014933628318584071,One University Plaza,Youngstown,OH,44555-0001,-80.64659,41.104928,18929,0,75716
7,202523,Denison University,106,654,97,625,122,605,0.1620795107033639,0.1552,0.20165289256198346,100 West College Street,Granville,OH,43023,-82.523272,40.071505,69128,0,276512
7,204796,Ohio State University-Main Campus,942,7944,646,7716,340,8679,0.11858006042296072,0.083722135821669263,0.039175020163613322,190 N. Oval Mall,Columbus,OH,43210,-83.014853,39.999324,27202,0,108808
7,201885,University of Cincinnati-Main Campus,166,5329,173,5480,178,5242,0.031150309626571591,0.03156934306569343,0.033956505150705835,2624 Clifton Avenue,Cincinnati,OH,45221-0063,-84.51428,39.131159,26892,0,107568
7,201645,Case Western Reserve University,178,1393,210,1357,237,1305,0.12778176597272076,0.15475313190862197,0.18160919540229886,10900 Euclid Ave,Cleveland,OH,44106,-81.609596,41.507419,69526,0,278104
7,204024,Miami University-Oxford,257,3936,218,4309,129,3824,0.065294715447154469,0.050591784636806685,0.033734309623430964,501 East High St,Oxford,OH,45056,-84.732954,39.507757,33805,0,135220
7,201946,University of Cincinnati-Clermont College,3,670,1,629,2,597,0.0044776119402985077,0.001589825119236884,0.0033500837520938024,4200 Clermont College Dr,Batavia,OH,45103,-84.19437,39.080645,13990,0,55960
7,201195,Baldwin Wallace University,4,677,1,665,3,659,0.0059084194977843431,0.0015037593984962407,0.004552352048558422,275 Eastland Rd,Berea,OH,44017-2088,-81.851145,41.373017,48655,0,194620
7,203517,Kent State University at Kent,86,4396,3,4307,4,3870,0.019563239308462238,0.00069654051543998144,0.0010335917312661498,"Executive Office, 2nd Floor Library",Kent,OH,44242-0001,-81.342533,41.146653,25836,0,103344
7,204194,Mount Vernon Nazarene University,6,373,5,324,4,345,0.0160857908847185,0.015432098765432098,0.011594202898550725,800 Martinsburg Rd,Mount Vernon,OH,43050-9500,-82.471074,40.372901,43341,0,173364
7,206507,Wilmington College,7,385,6,341,5,308,0.018181818181818181,0.017595307917888565,0.016233766233766232,1870 Quaker Way,Wilmington,OH,45177,-83.818342,39.444744,38642,0,154568
7,206622,Xavier University,17,1401,11,1210,6,1315,0.012134189864382585,0.00909090909090909,0.0045627376425855515,3800 Victory Parkway,Cincinnati,OH,45207-1092,-84.47465,39.149547,58260,0,233040
7,201955,University of Cincinnati-Blue Ash College,16,1555,15,1700,14,1608,0.010289389067524116,0.0088235294117647058,0.0087064676616915426,9555 Plainfield Rd,Blue Ash,OH,45236-1096,-84.399956,39.234333,16610,0,66440
7,204857,Ohio University-Main Campus,36,3993,31,3679,23,3132,0.0090157776108189328,0.0084262027724925255,0.0073435504469987227,020 Chubb Hall,Athens,OH,45701-2979,-82.100985,39.326798,29534,0,118136
7,201441,Bowling Green State University-Main Campus,51,3273,57,3389,23,3081,0.015582034830430797,0.016819120684567718,0.0074651087309315156,220 McFall Ctr,Bowling Green,OH,43403,-83.640896,41.375513,24529,0,98116
7,201654,Cedarville University,20,911,34,995,30,918,0.021953896816684963,0.034170854271356785,0.032679738562091505,251 N. Main Street,Cedarville,OH,45314-0601,-83.814692,39.749237,42318,0,169272
7,206437,Walsh University,15,453,19,394,33,390,0.033112582781456956,0.048223350253807105,0.08461538461538462,2020 East Maple St,North Canton,OH,44720-3396,-81.369931,40.873908,42869,0,171476
7,202480,University of Dayton,52,2200,69,2035,38,2134,0.023636363636363636,0.033906633906633905,0.01780693533270853,300 College Park,Dayton,OH,45469,-84.176113,39.739547,60900,0,243600
14,207388,Oklahoma State University-Main Campus,128,4166,74,4183,60,4154,0.030724915986557848,0.017690652641644752,0.014443909484833895,107 Whitehurst,Stillwater,OK,74078-1015,-97.069743,36.123085,23906,0,95624
14,207458,Oklahoma City University,9,373,7,327,3,325,0.024128686327077747,0.021406727828746176,0.0092307692307692316,2501 N Blackwelder,Oklahoma City,OK,73106-1402,-97.541242,35.495271,44942,0,179768
14,207564,Oklahoma State University Institute of Technology,4,652,3,606,4,646,0.0061349693251533744,0.0049504950495049506,0.0061919504643962852,1801 E 4th St,Okmulgee,OK,74447-3901,-95.940373,35.626934,12765,0,51060
14,207041,East Central University,8,453,13,494,4,458,0.017660044150110375,0.026315789473684209,0.0087336244541484712,1100 E. 14th Street,Ada,OK,74820-6999,-96.663849,34.771934,16681,0,66724
14,207306,Northwestern Oklahoma State University,7,373,4,346,5,326,0.01876675603217158,0.011560693641618497,0.015337423312883436,709 Oklahoma Blvd,Alva,OK,73717-2799,-98.667673,36.796658,17928,0,71712
14,207661,Rogers State University,16,609,13,601,5,494,0.026272577996715927,0.021630615640599003,0.010121457489878543,1701 W Will Rogers Blvd,Claremore,OK,74017-3252,-95.635718,36.321437,20029,0,80116
14,207263,Northeastern State University,19,860,12,733,6,685,0.022093023255813953,0.016371077762619372,0.0087591240875912416,600 N Grand,Tahlequah,OK,74464-2399,-94.967229,35.919939,17889,0,71556
14,207971,University of Tulsa,64,806,32,831,6,491,0.0794044665012407,0.038507821901323708,0.012219959266802444,800 South Tucker Drive,Tulsa,OK,74104-3189,-95.945941,36.152324,58637,0,234548
14,207351,Oklahoma Panhandle State University,4,242,12,243,7,254,0.016528925619834711,0.049382716049382713,0.027559055118110236,323 Eagle Ave,Goodwell,OK,73939-0430,-101.638488,36.594518,15443,0,61772
14,207847,Southeastern Oklahoma State University,9,587,3,518,10,512,0.015332197614991482,0.0057915057915057912,0.01953125,425 W University Blvd,Durant,OK,74701-3347,-96.376864,34.006808,16367,0,65468
14,207324,Oklahoma Christian University,6,454,19,397,10,359,0.013215859030837005,0.047858942065491183,0.027855153203342618,2501 E Memorial Rd,Edmond,OK,73013,-97.469526,35.611412,37015,0,148060
14,207865,Southwestern Oklahoma State University,15,991,9,865,11,811,0.015136226034308779,0.010404624277456647,0.013563501849568433,100 Campus Dr,Weatherford,OK,73096-3001,-98.707768,35.535281,21147,0,84588
14,207209,Langston University,3,574,6,674,30,656,0.0052264808362369342,0.0089020771513353119,0.04573170731707317,102 Page Hall,Langston,OK,73050,-97.260317,35.943982,20447,0,81788
2,215062,University of Pennsylvania,324,2510,314,2389,261,2316,0.12908366533864543,0.13143574717455003,0.11269430051813471,34th & Spruce Street,Philadelphia,PA,19104-6303,-75.19391,39.950929,78186,0,312744
2,211291,Bucknell University,72,974,64,964,52,986,0.073921971252566734,0.066390041493775934,0.052738336713995942,One Dent Drive,Lewisburg,PA,17837,-76.882616,40.954317,75400,0,301600
2,211440,Carnegie Mellon University,285,1572,322,1585,304,1637,0.18129770992366412,0.20315457413249211,0.18570555894929749,5000 Forbes Avenue,Pittsburgh,PA,15213-3890,-79.941993,40.44357,74489,0,297956
2,215293,University of Pittsburgh-Pittsburgh Campus,188,4126,173,4026,93,4230,0.045564711585070285,0.042970690511674119,0.02198581560283688,4200 Fifth Avenue,Pittsburgh,PA,15260,-79.953254,40.444388,33964,0,135856
2,212054,Drexel University,289,3361,237,3178,130,2339,0.0859863135971437,0.07457520453115167,0.055579307396323212,3141 Chestnut St,Philadelphia,PA,19104,-75.190051,39.955217,69397,0,277588
2,216764,West Chester University of Pennsylvania,4,2777,1,2871,1,2796,0.0014404033129276198,0.00034831069313827936,0.000357653791130186,University Avenue and High Street,West Chester,PA,19383,-75.59812,39.953398,26114,0,104456
2,211644,Clarion University of Pennsylvania,1,726,4,766,1,759,0.0013774104683195593,0.0052219321148825066,0.0013175230566534915,840 Wood Street,Clarion,PA,16214,-79.377501,41.207805,26294,0,105176
2,217013,Wilson College,1,189,4,199,1,116,0.0052910052910052907,0.020100502512562814,0.0086206896551724137,1015 Philadelphia Ave,Chambersburg,PA,17201-1285,-77.650712,39.949659,37019,0,148076
2,214272,Neumann University,2,421,1,418,2,412,0.0047505938242280287,0.0023923444976076554,0.0048543689320388345,One Neumann Drive,Aston,PA,19014-1298,-75.440022,39.874876,50640,0,202560
2,216524,Ursinus College,8,378,2,431,2,437,0.021164021164021163,0.0046403712296983757,0.0045766590389016018,601 E. Main St,Collegeville,PA,19426-1000,-75.456505,40.193023,69604,0,278416
2,212197,Elizabethtown College,7,386,3,377,2,405,0.018134715025906734,0.0079575596816976128,0.0049382716049382715,One Alpha Drive,Elizabethtown,PA,17022-2298,-76.593224,40.149236,44978,0,179912
2,213613,Lock Haven University,1,694,4,598,2,617,0.001440922190201729,0.006688963210702341,0.0032414910858995136,401 North Fairview Street,Lock Haven,PA,17745-2390,-77.460108,41.141517,25916,0,103664
2,211158,Bloomsburg University of Pennsylvania,1,1848,5,1992,2,1593,0.00054112554112554113,0.0025100401606425703,0.0012554927809165098,400 E Second St,Bloomsburg,PA,17815,-76.447844,41.00782,25058,0,100232
2,212656,Geneva College,8,306,8,314,2,275,0.026143790849673203,0.025477707006369428,0.0072727272727272727,3200 College Ave,Beaver Falls,PA,15010-3599,-80.321826,40.772518,38941,0,155764
2,214157,Moravian College,6,449,12,428,2,428,0.013363028953229399,0.028037383177570093,0.0046728971962616819,1200 Main St,Bethlehem,PA,18018-6650,-75.383638,40.630947,59553,0,238212
2,215284,University of Pittsburgh-Johnstown,22,663,2,605,3,520,0.033182503770739065,0.0033057851239669421,0.0057692307692307696,450 Schoolhouse Road,Johnstown,PA,15904,-78.834163,40.265957,27031,0,108124
2,212133,Eastern University,2,423,3,357,3,372,0.0047281323877068557,0.0084033613445378148,0.0080645161290322578,1300 Eagle Rd,Saint Davids,PA,19087-3696,-75.370316,40.050448,48828,0,195312
2,215266,University of Pittsburgh-Bradford,7,355,5,432,3,366,0.019718309859154931,0.011574074074074073,0.00819672131147541,300 Campus Drive,Bradford,PA,16701,-78.673701,41.943415,28132,0,112528
2,216010,Shippensburg University of Pennsylvania,5,1357,8,1296,3,1219,0.0036845983787767134,0.0061728395061728392,0.0024610336341263331,1871 Old Main Drive,Shippensburg,PA,17257-2299,-77.522335,40.057933,29182,0,116728
2,215798,Saint Vincent College,1,417,1,359,4,360,0.0023980815347721821,0.0027855153203342618,0.011111111111111112,300 Fraser Purchase Rd,Latrobe,PA,15650-2690,-79.403762,40.29265,50140,0,200560
2,211361,California University of Pennsylvania,12,1014,2,966,4,908,0.011834319526627219,0.002070393374741201,0.0044052863436123352,250 University Ave,California,PA,15419-1394,-79.88679,40.064964,25716,0,102864
2,213321,King's College,24,555,8,560,4,487,0.043243243243243246,0.014285714285714285,0.0082135523613963042,133 N River St,Wilkes-Barre,PA,18711-0801,-75.879822,41.250097,52647,0,210588
2,216038,Slippery Rock University of Pennsylvania,12,1554,9,1580,4,1463,0.0077220077220077222,0.00569620253164557,0.0027341079972658922,1 Morrow Way,Slippery Rock,PA,16057-1383,-80.045965,41.062719,24600,0,98400
2,213996,Messiah College,21,647,17,606,4,614,0.032457496136012363,0.028052805280528052,0.0065146579804560263,One University Avenue,Mechanicsburg,PA,17055,-76.988269,40.156579,49864,0,199456
2,215275,University of Pittsburgh-Greensburg,3,399,2,412,6,363,0.0075187969924812026,0.0048543689320388345,0.016528925619834711,150 Finoli Drive,Greensburg,PA,15601-5860,-79.532676,40.276447,27461,0,109844
2,213349,Kutztown University of Pennsylvania,16,1640,5,1398,6,1532,0.00975609756097561,0.00357653791130186,0.0039164490861618795,15200 Kutztown Rd,Kutztown,PA,19530-0730,-75.783933,40.513561,28414,0,113656
2,214175,Muhlenberg College,11,548,10,538,6,517,0.020072992700729927,0.01858736059479554,0.01160541586073501,2400 Chew Street,Allentown,PA,18104,-75.508502,40.596416,69413,0,277652
2,214041,Millersville University of Pennsylvania,7,1380,6,1334,7,1160,0.0050724637681159417,0.0044977511244377807,0.00603448275862069,"1 South George Street, Lyle Hall",Millersville,PA,17551-0302,-76.357381,40.000337,27526,0,110104
2,213020,Indiana University of Pennsylvania-Main Campus,21,2132,9,1921,10,1881,0.0098499061913696062,0.0046850598646538261,0.00531632110579479,1011 South Dr 201 Sutton Hall,Indiana,PA,15705-1098,-79.159332,40.617531,28442,0,113768
2,213367,La Salle University,20,1049,12,793,10,582,0.019065776930409915,0.015132408575031526,0.017182130584192441,1900 W Olney Ave,Philadelphia,PA,19141-1199,-75.153061,40.037979,45298,0,181192
2,212160,Edinboro University of Pennsylvania,4,598,10,706,12,645,0.006688963210702341,0.014164305949008499,0.018604651162790697,219 Meadville Street,Edinboro,PA,16444-0001,-80.121318,41.870717,22036,0,88144
2,215442,Point Park University,8,616,18,633,13,522,0.012987012987012988,0.02843601895734597,0.024904214559386972,201 Wood St,Pittsburgh,PA,15222-1984,-80.002061,40.438768,45350,0,181400
2,213987,Mercyhurst University,25,644,22,586,13,685,0.038819875776397512,0.037542662116040959,0.018978102189781021,501 E 38th St,Erie,PA,16546,-80.053412,42.10578,56266,0,225064
2,210669,Allegheny College,21,474,21,500,14,400,0.044303797468354431,0.042,0.035,520 N Main St,Meadville,PA,16335-3902,-80.147168,41.64869,64901,0,259604
2,215655,Robert Morris University,34,817,23,732,17,565,0.0416156670746634,0.031420765027322405,0.030088495575221239,6001 University Boulevard,Moon Township,PA,15108-1189,-80.210468,40.520415,47724,0,190896
2,213598,Lincoln University,7,542,5,445,18,447,0.012915129151291513,0.011235955056179775,0.040268456375838924,1570 Baltimore Pike,Lincoln University,PA,19352-0999,-75.926458,39.807723,26008,0,104032
2,216931,Wilkes University,12,650,20,550,19,492,0.018461538461538463,0.036363636363636362,0.038617886178861791,84 West South Street,Wilkes-Barre,PA,18766,-75.890262,41.244199,54085,0,216340
2,213358,La Roche University,14,225,30,205,20,196,0.06222222222222222,0.14634146341463414,0.10204081632653061,9000 Babcock Blvd,Pittsburgh,PA,15237-5898,-80.014851,40.568615,43073,0,172292
2,212106,Duquesne University,20,1512,13,1302,21,1195,0.013227513227513227,0.009984639016897081,0.017573221757322177,Administration Bldg 600 Forbes Ave,Pittsburgh,PA,15282,-79.993123,40.43589,56199,0,224796
2,212674,Gettysburg College,23,748,31,681,26,640,0.03074866310160428,0.04552129221732746,0.040625,300 N Washington St,Gettysburg,PA,17325,-77.236792,39.836597,71850,0,287400
2,212009,Dickinson College,86,635,39,453,32,490,0.13543307086614173,0.086092715231788075,0.0653061224489796,College and Louther Streets,Carlisle,PA,17013-2896,-77.197854,40.202796,73650,0,294600
2,213385,Lafayette College,60,733,66,698,32,606,0.081855388813096869,0.094555873925501438,0.052805280528052806,High St,Easton,PA,18042-1768,-75.209786,40.69956,74016,0,296064
2,212601,Gannon University,55,771,41,734,37,634,0.071335927367055768,0.055858310626702996,0.0583596214511041,109 W Sixth St,Erie,PA,16541-0001,-80.087166,42.128403,46867,0,187468
2,216597,Villanova University,63,1688,46,1695,38,1700,0.037322274881516584,0.027138643067846607,0.022352941176470589,800 Lancaster Avenue,Villanova,PA,19085-1699,-75.345457,40.039388,73042,0,292168
2,216287,Swarthmore College,53,414,64,417,54,373,0.1280193236714976,0.15347721822541965,0.1447721179624665,500 College Ave,Swarthmore,PA,19081,-75.354278,39.905159,73932,0,295728
20,217156,Brown University,246,1652,258,1660,238,1751,0.14891041162227603,0.15542168674698795,0.13592233009708737,One Prospect Street,Providence,RI,2912,-71.40385,41.82617,77490,0,309960
20,217518,Roger Williams University,6,1040,5,1113,4,999,0.0057692307692307696,0.0044923629829290209,0.004004004004004004,One Old Ferry Road,Bristol,RI,02809-2921,-71.260374,41.650214,54865,0,219460
20,217536,Salve Regina University,7,493,8,655,8,549,0.014198782961460446,0.012213740458015267,0.014571948998178506,100 Ochre Point Avenue,Newport,RI,02840-4192,-71.30124,41.471545,61072,0,244288
20,217402,Providence College,15,1122,17,1094,14,1000,0.013368983957219251,0.015539305301645339,0.014,1 Cunningham Square,Providence,RI,02918-0001,-71.437446,41.842742,69407,0,277628
20,217235,Johnson & Wales University-Providence,30,1445,48,1494,14,1219,0.020761245674740483,0.0321285140562249,0.011484823625922888,8 Abbott Park Place,Providence,RI,02903-3703,-71.41277,41.819956,51167,0,204668
20,217165,Bryant University,46,867,52,854,32,806,0.0530565167243368,0.060889929742388757,0.039702233250620347,1150 Douglas Pike,Smithfield,RI,02917-1291,-71.539547,41.920092,62855,0,251420
20,217484,University of Rhode Island,19,3058,26,3140,33,3302,0.0062132112491824721,0.0082802547770700636,0.0099939430648092065,"Green Hall, 35 Campus Avenue",Kingston,RI,2881,-71.527356,41.484691,30339,0,121356
23,218663,University of South Carolina-Columbia,49,5854,78,6286,52,5742,0.0083703450632046459,0.012408526885141585,0.0090560780215952624,Columbia-Campus,Columbia,SC,29208,-81.026935,33.996788,28602,0,114408
23,218645,University of South Carolina-Aiken,13,549,8,558,1,542,0.023679417122040074,0.014336917562724014,0.0018450184501845018,471 University Pkwy,Aiken,SC,29801,-81.767612,33.572704,20735,0,82940
23,217633,Anderson University,5,643,3,639,2,698,0.0077760497667185074,0.0046948356807511738,0.0028653295128939827,316 Boulevard,Anderson,SC,29621-4035,-82.640358,34.5152,44481,0,177924
23,218733,South Carolina State University,4,541,3,371,3,479,0.0073937153419593345,0.0080862533692722376,0.0062630480167014616,300 College St NE,Orangeburg,SC,29117-0001,-80.848722,33.497968,30015,0,120060
23,218061,Francis Marion University,17,731,8,716,3,727,0.023255813953488372,0.0111731843575419,0.0041265474552957355,4822 East Palmetto Street,Florence,SC,29506,-79.652854,34.189777,21888,0,87552
23,218539,Presbyterian College,7,310,2,342,5,313,0.022580645161290321,0.0058479532163742687,0.015974440894568689,503 South Broad Street,Clinton,SC,29325,-81.87448,34.465834,53720,0,214880
23,217925,Columbia International University,8,109,3,132,5,154,0.073394495412844041,0.022727272727272728,0.032467532467532464,7435 Monticello Rd,Columbia,SC,29203-1513,-81.07443,34.07551,36979,0,147916
23,218441,North Greenville University,5,504,1,404,6,387,0.00992063492063492,0.0024752475247524753,0.015503875968992248,7801 N. Tigerville Road,Tigerville,SC,29688-1892,-82.37026,35.069758,37771,0,151084
23,218973,Wofford College,14,465,7,474,6,496,0.030107526881720432,0.014767932489451477,0.012096774193548387,429 N Church St,Spartanburg,SC,29303-3663,-81.933568,34.959411,62262,0,249048
23,217864,Citadel Military College of South Carolina,9,703,12,646,6,582,0.012802275960170697,0.018575851393188854,0.010309278350515464,171 Moultrie St,Charleston,SC,29409,-79.958775,32.797183,30022,0,120088
23,218070,Furman University,18,713,7,648,8,514,0.025245441795231416,0.010802469135802469,0.01556420233463035,3300 Poinsett Highway,Greenville,SC,29613-6162,-82.440458,34.924676,67299,0,269196
23,218654,University of South Carolina-Beaufort,6,413,8,449,8,358,0.014527845036319613,0.017817371937639197,0.0223463687150838,1 University Boulevard,Bluffton,SC,29909,-80.973595,32.303308,24235,0,96940
23,218742,University of South Carolina-Upstate,15,1011,19,881,11,754,0.01483679525222552,0.021566401816118047,0.014588859416445624,800 University Way,Spartanburg,SC,29303-4999,-81.970583,34.996403,23660,0,94640
23,217819,College of Charleston,20,2199,21,2051,14,2052,0.0090950432014552073,0.010238907849829351,0.00682261208576998,66 George St,Charleston,SC,29424-0001,-79.939794,32.784225,29545,0,118180
23,217882,Clemson University,22,3789,21,3932,15,4199,0.0058062813407231458,0.005340793489318413,0.00357227911407478,201 Sikes Hall,Clemson,SC,29634,-82.835114,34.679381,32254,0,129016
23,218229,Lander University,11,870,23,943,15,861,0.01264367816091954,0.024390243902439025,0.017421602787456445,320 Stanley Avenue,Greenwood,SC,29649-2099,-82.164736,34.199892,24474,0,97896
23,218414,Newberry College,15,374,18,340,18,309,0.040106951871657755,0.052941176470588235,0.058252427184466021,2100 College St,Newberry,SC,29108,-81.619777,34.285868,42320,0,169280
23,218724,Coastal Carolina University,32,2329,30,2304,19,2056,0.013739802490339202,0.013020833333333334,0.00924124513618677,103 Tom Trout Drive,Conway,SC,29526,-79.011767,33.794995,24313,0,97252
23,217749,Bob Jones University,41,605,36,655,21,597,0.067768595041322308,0.0549618320610687,0.035175879396984924,1700 Wade Hampton Boulavard,Greenville,SC,29614-0001,-82.365838,34.874016,28498,0,113992
38,219259,Northern State University,6,339,11,342,3,341,0.017699115044247787,0.032163742690058478,0.0087976539589442824,1200 S Jay St,Aberdeen,SD,57401-7198,-98.484728,45.450829,21388,0,85552
38,219471,University of South Dakota,26,1427,16,1308,10,1238,0.018220042046250877,0.012232415902140673,0.0080775444264943458,414 E Clark St,Vermillion,SD,57069-2390,-96.925283,42.786019,23016,0,92064
38,219198,Mount Marty College,3,135,1,131,15,158,0.022222222222222223,0.0076335877862595417,0.0949367088607595,1105 W. 8th Street,Yankton,SD,57078-3724,-97.409904,42.874475,41044,0,164176
16,221519,The University of the South,21,477,19,438,29,490,0.0440251572327044,0.043378995433789952,0.059183673469387757,735 University Avenue,Sewanee,TN,37383-1000,-85.920179,35.204719,62647,0,250588
16,221847,Tennessee Technological University,18,1890,25,1705,22,1720,0.0095238095238095247,0.01466275659824047,0.012790697674418604,1 William L. Jones Drive,Cookeville,TN,38505-0001,-85.504039,36.174754,24458,0,97832
16,220978,Middle Tennessee State University,46,2897,57,3312,59,3093,0.015878494994822231,0.017210144927536232,0.019075331393469123,1301 East Main Street,Murfreesboro,TN,37132,-86.360618,35.848005,21241,0,84964
16,221999,Vanderbilt University,208,1602,234,1604,158,1698,0.12983770287141075,0.14588528678304238,0.093050647820965837,2101 West End Avenue,Nashville,TN,37240,-86.803369,36.14659,73148,0,292592
16,221661,Southern Adventist University,4,502,4,512,2,493,0.00796812749003984,0.0078125,0.0040567951318458417,4881 Taylor Cir,Collegedale,TN,37315-0370,-85.052088,35.048254,35820,0,143280
16,220710,Maryville College,1,282,6,272,3,271,0.0035460992907801418,0.022058823529411766,0.01107011070110701,502 E Lamar Alexander Pkwy,Maryville,TN,37804-5907,-83.964223,35.751505,49603,0,198412
16,221768,The University of Tennessee-Martin,11,1143,11,1160,3,1110,0.0096237970253718278,0.009482758620689655,0.0027027027027027029,554 University Street,Martin,TN,38238,-88.864211,36.340338,21200,0,84800
16,220516,King University,6,188,9,202,5,158,0.031914893617021274,0.044554455445544552,0.031645569620253167,1350 King College Rd,Bristol,TN,37620-2699,-82.159421,36.585309,42662,0,170648
16,220613,Lee University,20,880,21,792,12,685,0.022727272727272728,0.026515151515151516,0.017518248175182483,1120 N Ocoee St,Cleveland,TN,37311,-84.871399,35.166019,31522,0,126088
16,220075,East Tennessee State University,20,1976,15,1786,13,1651,0.010121457489878543,0.0083986562150056,0.007874015748031496,1276 Gilbreath Drive,Johnson City,TN,37614,-82.366954,36.301643,22323,0,89292
16,221740,The University of Tennessee-Chattanooga,17,2268,6,2310,15,2222,0.0074955908289241618,0.0025974025974025974,0.0067506750675067504,615 McCallie Ave,Chattanooga,TN,37403-2598,-85.300247,35.047519,23436,0,93744
16,219806,Carson-Newman University,10,483,14,557,15,383,0.020703933747412008,0.025134649910233394,0.0391644908616188,1646 S Russell Ave,Jefferson City,TN,37760,-83.491709,36.122934,40422,0,161688
16,220862,University of Memphis,50,2480,49,2683,33,2540,0.020161290322580645,0.018263138278046962,0.012992125984251968,Southern Avenue,Memphis,TN,38152,-89.938068,35.118878,24139,0,96556
3,228723,Texas A & M University-College Station,133,11133,74,10613,72,11110,0.011946465463037816,0.0069725807971355884,0.0064806480648064808,"JKW Administration Building, Suite 200",College Station,TX,77843-1248,-96.336475,30.618726,29920,0,119680
3,228875,Texas Christian University,108,2194,78,2159,58,2287,0.049225159525979945,0.036127836961556276,0.025360734586794928,2800 S University Dr,Fort Worth,TX,76129,-97.364758,32.70961,68072,0,272288
3,228246,Southern Methodist University,75,1530,80,1544,44,1531,0.049019607843137254,0.05181347150259067,0.028739386022207707,6425 Boaz St,Dallas,TX,75275-0221,-96.783365,32.843612,76346,0,305384
3,229115,Texas Tech University,111,6171,91,6145,73,6522,0.017987360233349538,0.014808787632221317,0.011192885617908616,Broadway and University Avenue,Lubbock,TX,79409-5005,-101.874783,33.583448,23191,0,92764
3,223232,Baylor University,116,3366,114,3307,114,3731,0.0344622697563874,0.034472331418203807,0.030554811042615922, ,Waco,TX,76798,-97.121041,31.546872,65222,0,260888
3,227757,Rice University,130,958,131,961,102,993,0.13569937369519833,0.13631633714880334,0.1027190332326284,6100 S Main St,Houston,TX,77005-1827,-95.402035,29.717897,67102,0,268408
3,225511,University of Houston,170,5198,139,5680,110,5225,0.032704886494805692,0.024471830985915492,0.021052631578947368,212 E. Cullen Building,Houston,TX,77204-2018,-95.343537,29.720393,23361,0,93444
3,228769,The University of Texas at Arlington,147,3572,153,3707,102,3900,0.041153415453527437,0.041273266792554629,0.026153846153846153,701 S. Nedderman Dr.,Arlington,TX,76013,-97.11296,32.729718,23902,0,95608
3,227216,University of North Texas,238,4875,194,5613,206,5304,0.048820512820512821,0.0345626224835204,0.038838612368024134,1501 W.Chestnut Ave.,Denton,TX,76203-1277,-97.148422,33.211178,23770,0,95080
3,228796,The University of Texas at El Paso,181,3422,206,3616,161,3344,0.052893045002922266,0.056969026548672565,0.048145933014354068,500 W. University Ave,El Paso,TX,79968-0691,-106.504098,31.77015,18291,0,73164
3,228778,The University of Texas at Austin,309,8960,253,8170,305,8459,0.034486607142857145,0.030966952264381883,0.036056271426882613,110 Inner Campus Drive,Austin,TX,78705,-97.738273,30.282825,27397,0,109588
3,229063,Texas Southern University,21,1607,9,1475,1,724,0.013067828251400125,0.0061016949152542374,0.0013812154696132596,3100 Cleburne St,Houston,TX,77004,-95.361113,29.721046,23173,0,92692
3,229179,Texas Woman's University,2,1244,4,1301,2,1130,0.0016077170418006431,0.0030745580322828594,0.0017699115044247787,304 Administration Dr,Denton,TX,76204,-97.127842,33.226211,19418,0,77672
3,229780,Wayland Baptist University,9,315,3,249,3,298,0.028571428571428571,0.012048192771084338,0.010067114093959731,1900 W 7th St.,Plainview,TX,79072,-101.730042,34.187677,35240,0,140960
3,226383,Lubbock Christian University,4,294,12,282,3,280,0.013605442176870748,0.0425531914893617,0.010714285714285714,5601 19th Street,Lubbock,TX,79407-2099,-101.934426,33.575973,37198,0,148792
3,225575,Huston-Tillotson University,2,223,1,204,4,169,0.0089686098654708519,0.0049019607843137254,0.023668639053254437,900 Chicon St,Austin,TX,78702-2795,-97.721691,30.264667,24148,0,96592
3,225432,University of Houston-Downtown,7,1068,9,1467,4,1491,0.0065543071161048693,0.0061349693251533744,0.0026827632461435278,1 Main Street,Houston,TX,77002-1014,-95.359338,29.7661,20995,0,83980
3,227881,Sam Houston State University,14,2883,18,2928,5,2843,0.0048560527228581341,0.0061475409836065573,0.0017587055926837848,1806 Ave J,Huntsville,TX,77340,-95.546205,30.714738,22885,0,91540
3,228705,Texas A & M University-Kingsville,14,1251,9,987,6,1055,0.011191047162270184,0.00911854103343465,0.0056872037914691941,955 University Blvd,Kingsville,TX,78363,-97.882387,27.525168,22645,0,90580
3,228529,Tarleton State University,6,2161,5,2073,7,2274,0.0027764923646459972,0.00241196333815726,0.0030782761653474055,1333 W. Washington,Stephenville,TX,76401-0000,-98.214866,32.214988,22730,0,90920
3,222983,Austin College,5,435,5,378,7,340,0.011494252873563218,0.013227513227513227,0.020588235294117647,900 N Grand Ave,Sherman,TX,75090-4400,-96.596331,33.646345,56377,0,225508
3,225247,Hardin-Simmons University,9,484,9,479,7,454,0.01859504132231405,0.018789144050104383,0.015418502202643172,2200 Hickory,Abilene,TX,79698-0001,-99.73564,32.476434,42530,0,170120
3,225502,University of Houston-Victoria,14,358,13,367,7,266,0.039106145251396648,0.035422343324250684,0.026315789473684209,3007 N. Ben Wilson,Victoria,TX,77901,-96.976334,28.816248,19441,0,77764
3,229018,The University of Texas of the Permian Basin,12,384,15,402,13,559,0.03125,0.037313432835820892,0.023255813953488372,4901 E University,Odessa,TX,79762-0001,-102.329634,31.889509,17323,0,69292
3,227526,Prairie View A & M University,8,2177,5,1727,14,1882,0.0036747818098300414,0.0028951939779965257,0.0074388947927736451,FM 1098 Road & University Drive,Prairie View,TX,77446,-95.989475,30.092425,25164,0,100656
3,224147,Texas A & M University-Corpus Christi,29,2050,34,1915,14,1612,0.014146341463414635,0.017754569190600523,0.0086848635235732014,6300 Ocean Dr.,Corpus Christi,TX,78412-5503,-97.32395,27.713723,22459,0,89836
3,228802,The University of Texas at Tyler,46,907,39,843,16,1065,0.050716648291069456,0.046263345195729534,0.015023474178403756,3900 University Blvd,Tyler,TX,75799-6699,-95.254337,32.315772,20730,0,82920
3,222831,Angelo State University,41,1536,20,1436,17,1279,0.026692708333333332,0.013927576601671309,0.013291634089132134,2601 W. Avenue N,San Angelo,TX,76909,-100.465051,31.440914,19810,0,79240
3,222178,Abilene Christian University,8,924,19,932,23,859,0.008658008658008658,0.0203862660944206,0.026775320139697321, ,Abilene,TX,79699,-99.709797,32.468943,51577,0,206308
3,229267,Trinity University,27,690,34,646,23,634,0.0391304347826087,0.052631578947368418,0.036277602523659309,One Trinity Place,San Antonio,TX,78212-7200,-98.48186,29.462682,60664,0,242656
3,227845,Saint Edward's University,32,804,32,697,25,595,0.039800995024875621,0.045911047345767578,0.042016806722689079,3001 S Congress Ave,Austin,TX,78704-6489,-97.754998,30.229618,61707,0,246828
3,228149,St. Mary's University,36,640,19,545,26,514,0.05625,0.034862385321100919,0.050583657587548639,One Camino Santa Maria,San Antonio,TX,78228,-98.562778,29.453244,42354,0,169416
3,222992,Austin Community College District,106,5331,92,5505,33,4720,0.019883699118364285,0.016712079927338783,0.0069915254237288135,5930 Middle Fiskville Rd,Austin,TX,78752,-97.712505,30.322744,11821,0,47284
3,229027,The University of Texas at San Antonio,68,4984,57,4599,38,5333,0.013643659711075442,0.012393998695368558,0.0071254453403337709,One UTSA Circle,San Antonio,TX,78249-1644,-98.620657,29.583709,18923,0,75692
3,228787,The University of Texas at Dallas,119,3862,88,4073,45,3476,0.030813050233039877,0.0216056960471397,0.012945914844649022,800 West Campbell  Road,Richardson,TX,75080-3021,-96.749702,32.984673,27120,0,108480
19,230807,Westminster College,13,438,9,283,28,180,0.029680365296803651,0.031802120141342753,0.15555555555555556,1840 South 1300 East,Salt Lake City,UT,84105,-111.855757,40.730779,49060,0,196240
19,230597,Snow College,71,1512,67,1433,36,1469,0.046957671957671955,0.046755059316120028,0.024506466984343091,150 E College Ave,Ephraim,UT,84627,-111.58296,39.360177,12322,0,49288
19,230764,University of Utah,152,4256,226,4249,187,4483,0.035714285714285712,0.053188985643680867,0.041713138523310281,"201 Presidents Circle, ROOM 201",Salt Lake City,UT,84112-9008,-111.846044,40.762484,20303,0,81212
19,230728,Utah State University,32,4429,28,4411,14,4547,0.0072251072476857076,0.0063477669462706872,0.003078953155926985,Old Main Hill,Logan,UT,84322-1400,-111.81391,41.740748,19886,0,79544
33,230834,Castleton University,15,424,7,397,10,298,0.035377358490566037,0.017632241813602016,0.033557046979865772,62 Alumni Dr,Castleton,VT,5735,-73.180842,43.608397,24841,0,99364
33,231174,University of Vermont,26,2531,25,2636,21,2487,0.010272619517977083,0.0094840667678300454,0.0084439083232810616,85 S Prospect St,Burlington,VT,05405-0160,-73.196646,44.477325,34707,0,138828
33,230959,Middlebury College,7,628,71,605,54,602,0.011146496815286623,0.11735537190082644,0.089700996677740868,Old Chapel,Middlebury,VT,5753,-73.176068,44.009117,74248,0,296992
8,236328,University of Puget Sound,5,653,5,615,3,393,0.007656967840735069,0.008130081300813009,0.0076335877862595417,1500 N. Warner Street,Tacoma,WA,98416,-122.478982,47.26308,68072,0,272288
8,234827,Central Washington University,19,2072,22,2172,8,1723,0.00916988416988417,0.010128913443830571,0.0046430644225188625,400 East University Way,Ellensburg,WA,98926-7501,-120.538368,47.002687,24008,0,96032
8,236896,Walla Walla University,11,404,12,423,9,281,0.027227722772277228,0.028368794326241134,0.032028469750889681,204 S College Ave,College Place,WA,99324-1198,-118.389555,46.048088,39354,0,157416
8,237066,Whitworth University,19,696,31,683,10,607,0.027298850574712645,0.045387994143484628,0.016474464579901153,300 W Hawthorne Rd,Spokane,WA,99251,-117.416714,47.753358,60359,0,241436
8,236595,Seattle University,21,1083,15,930,14,805,0.019390581717451522,0.016129032258064516,0.017391304347826087,900 Broadway,Seattle,WA,98122-4340,-122.318851,47.608859,63439,0,253756
8,237057,Whitman College,31,426,50,425,45,294,0.072769953051643188,0.11764705882352941,0.15306122448979592,345 Boyer Ave,Walla Walla,WA,99362,-118.331546,46.069815,69532,0,278128
8,236939,Washington State University,78,5164,57,4812,45,4191,0.015104570100697134,0.011845386533665835,0.010737294201861132,French Administration Building,Pullman,WA,99164-5910,-117.158168,46.730448,26068,0,104272
12,240453,University of Wisconsin-Milwaukee,57,3983,52,3761,47,3249,0.014310820989204118,0.013826110077107153,0.014465989535241613,2200 E Kenwood Blvd,Milwaukee,WI,53211,-87.880488,43.076848,21984,0,87936
12,240365,University of Wisconsin-Oshkosh,41,2406,54,2165,44,1854,0.017040731504571905,0.024942263279445726,0.023732470334412083,800 Algoma Blvd,Oshkosh,WI,54901,-88.549369,44.026206,18125,0,72500
12,239017,Lawrence University,55,400,59,386,42,377,0.1375,0.15284974093264247,0.11140583554376658,College Ave,Appleton,WI,54911,-88.397822,44.261323,62166,0,248664
12,240444,University of Wisconsin-Madison,567,6862,637,7550,561,7306,0.082628971145438643,0.084370860927152319,0.076786203120722693,500 Lincoln Dr,Madison,WI,53706-1380,-89.404098,43.075409,26393,0,105572
12,240471,University of Wisconsin-River Falls,10,1314,5,1203,2,1088,0.0076103500761035,0.0041562759767248547,0.001838235294117647,410 S 3rd St,River Falls,WI,54022-5001,-92.622641,44.8534,17971,0,71884
12,240329,University of Wisconsin-La Crosse,3,2179,8,2203,2,2141,0.0013767783386874712,0.003631411711302769,0.00093414292386735165,1725 State St,La Crosse,WI,54601-9959,-91.23186,43.81568,17514,0,70056
12,240462,University of Wisconsin-Platteville,34,1672,15,1494,4,1389,0.02033492822966507,0.010040160642570281,0.0028797696184305254,1 University Plaza,Platteville,WI,53818-3099,-90.48622,42.733451,18670,0,74680
12,240374,University of Wisconsin-Parkside,8,646,6,657,5,541,0.01238390092879257,0.0091324200913242,0.009242144177449169,900 Wood Rd,Kenosha,WI,53144,-87.855231,42.647718,16320,0,65280
12,239716,Saint Norbert College,1,620,6,538,5,458,0.0016129032258064516,0.011152416356877323,0.010917030567685589,100 Grant St,De Pere,WI,54115-2099,-88.067812,44.44483,51383,0,205532
12,240417,University of Wisconsin-Stout,14,1406,17,1491,5,1332,0.00995732574679943,0.011401743796109993,0.0037537537537537537,712 S Broadway St,Menomonie,WI,54751,-91.926653,44.873187,19704,0,78816
12,240189,University of Wisconsin-Whitewater,12,2180,11,2119,6,2055,0.0055045871559633031,0.0051911278905143934,0.00291970802919708,800 W Main St,Whitewater,WI,53190-1790,-88.742368,42.835563,18252,0,73008
12,239318,Milwaukee School of Engineering,17,597,17,582,6,573,0.028475711892797319,0.029209621993127148,0.010471204188481676,1025 N Broadway,Milwaukee,WI,53202-3109,-87.907691,43.045364,53885,0,215540
12,238430,Cardinal Stritch University,1,131,31,139,6,77,0.0076335877862595417,0.22302158273381295,0.07792207792207792,6801 N Yates Rd,Milwaukee,WI,53217-3985,-87.909045,43.139752,44172,0,176688
12,240268,University of Wisconsin-Eau Claire,16,2477,26,2433,8,2258,0.006459426725878078,0.010686395396629675,0.00354295837023915,105 Garfield Ave,Eau Claire,WI,54701,-91.501906,44.798284,20174,0,80696
12,240277,University of Wisconsin-Green Bay,22,1306,17,1346,12,1269,0.016845329249617153,0.012630014858841011,0.0094562647754137114,2420 Nicolet Dr,Green Bay,WI,54311-7001,-87.919973,44.532298,17509,0,70036
12,240426,University of Wisconsin-Superior,45,326,35,327,17,276,0.13803680981595093,0.10703363914373089,0.061594202898550728,1605 Catlin Ave,Superior,WI,54880-4500,-92.091007,46.717629,18731,0,74924
12,239105,Marquette University,29,2164,33,1977,32,1651,0.013401109057301294,0.016691957511380879,0.019382192610539067,1250 W Wisconsin Avenue,Milwaukee,WI,53233,-87.927961,43.03903,59725,0,238900
29,237312,University of Charleston,31,305,29,282,34,294,0.10163934426229508,0.10283687943262411,0.11564625850340136,"2300 MacCorkle Avenue,  SE",Charleston,WV,25304,-81.616244,38.333367,43829,0,175316
29,238032,West Virginia University,81,4732,73,4949,39,4494,0.017117497886728655,0.014750454637300466,0.008678237650200267,PO Box 6201,Morgantown,WV,26506,-79.954391,39.634371,22680,0,90720
29,237792,Shepherd University,4,593,6,494,1,523,0.0067453625632377737,0.012145748987854251,0.0019120458891013384,301 North King St,Shepherdstown,WV,25443,-77.804101,39.433071,17759,0,71036
29,237701,Potomac State College of West Virginia University,3,537,5,469,2,400,0.00558659217877095,0.010660980810234541,0.005,101 Fort Ave,Keyser,WV,26726,-78.981441,39.438323,14947,0,59788
29,237330,Concord University,21,430,16,372,3,383,0.048837209302325581,0.043010752688172046,0.007832898172323759,1000 Vermillion Street,Athens,WV,24712,-81.006696,37.423723,16824,0,67296
29,237969,West Virginia Wesleyan College,20,323,17,326,5,258,0.061919504643962849,0.052147239263803678,0.01937984496124031,59 College Ave,Buckhannon,WV,26201-2994,-80.218969,38.990661,46187,0,184748
29,237525,Marshall University,13,1681,15,1769,12,1728,0.0077334919690660317,0.0084793668739400786,0.0069444444444444441,1 John Marshall Dr,Huntington,WV,25755,-82.428964,38.422482,19586,0,78344
29,237950,West Virginia University Institute of Technology,10,367,15,321,17,282,0.027247956403269755,0.046728971962616821,0.060283687943262408,512 South Kanawha Street,Beckley,WV,25801,-81.184072,37.775924,17464,0,69856
36,240727,University of Wyoming,23,1859,15,1760,20,1424,0.01237224314147391,0.0085227272727272721,0.014044943820224719,Corner of Ninth and Ivinson,Laramie,WY,82071,-105.57931,41.311773,20258,0,81032
5,133553,Embry-Riddle Aeronautical University-Daytona Beach,93,1418,96,1710,74,1499,0.065585331452750348,0.056140350877192984,0.049366244162775186,1 Aerospace Blvd.,Daytona Beach,FL,32114-3900,-81.048367,29.189903,54724,0,218896
5,426314,Embry-Riddle Aeronautical University-Worldwide,16,579,9,470,14,563,0.027633851468048358,0.019148936170212766,0.024866785079928951,1 Aerospace Blvd.,Daytona Beach,FL,32114-3900,-81.048367,29.189903,24124,0,96496